candidate,direction,phase,lane,outcome,restored_generation,settled_generation,settled_period,population_at_stop
sl4x4_000,SE,0,-5,changed_periodic,,73,1,24
sl4x4_000,SE,0,-4,changed_periodic,,226,2,55
sl4x4_000,SE,0,-3,changed_periodic,,70,1,0
sl4x4_000,SE,0,-2,changed_periodic,,44,1,0
sl4x4_000,SE,0,-1,changed_periodic,,41,1,0
sl4x4_000,SE,0,0,changed_periodic,,39,1,0
sl4x4_000,SE,0,1,changed_periodic,,38,1,0
sl4x4_000,SE,0,2,changed_periodic,,60,1,0
sl4x4_000,SE,0,3,changed_periodic,,212,2,55
sl4x4_000,SE,0,4,changed_periodic,,55,1,24
sl4x4_000,SE,1,-5,changed_periodic,,72,1,24
sl4x4_000,SE,1,-4,changed_periodic,,225,2,55
sl4x4_000,SE,1,-3,changed_periodic,,69,1,0
sl4x4_000,SE,1,-2,changed_periodic,,43,1,0
sl4x4_000,SE,1,-1,changed_periodic,,40,1,0
sl4x4_000,SE,1,0,changed_periodic,,38,1,0
sl4x4_000,SE,1,1,changed_periodic,,37,1,0
sl4x4_000,SE,1,2,changed_periodic,,59,1,0
sl4x4_000,SE,1,3,changed_periodic,,211,2,55
sl4x4_000,SE,1,4,changed_periodic,,54,1,24
sl4x4_000,SE,2,-5,changed_periodic,,71,1,24
sl4x4_000,SE,2,-4,changed_periodic,,224,2,55
sl4x4_000,SE,2,-3,changed_periodic,,68,1,0
sl4x4_000,SE,2,-2,changed_periodic,,42,1,0
sl4x4_000,SE,2,-1,changed_periodic,,39,1,0
sl4x4_000,SE,2,0,changed_periodic,,37,1,0
sl4x4_000,SE,2,1,changed_periodic,,36,1,0
sl4x4_000,SE,2,2,changed_periodic,,58,1,0
sl4x4_000,SE,2,3,changed_periodic,,210,2,55
sl4x4_000,SE,2,4,changed_periodic,,53,1,24
sl4x4_000,SE,3,-5,changed_periodic,,70,1,24
sl4x4_000,SE,3,-4,changed_periodic,,223,2,55
sl4x4_000,SE,3,-3,changed_periodic,,67,1,0
sl4x4_000,SE,3,-2,changed_periodic,,41,1,0
sl4x4_000,SE,3,-1,changed_periodic,,38,1,0
sl4x4_000,SE,3,0,changed_periodic,,36,1,0
sl4x4_000,SE,3,1,changed_periodic,,35,1,0
sl4x4_000,SE,3,2,changed_periodic,,57,1,0
sl4x4_000,SE,3,3,changed_periodic,,209,2,55
sl4x4_000,SE,3,4,changed_periodic,,52,1,24
sl4x4_000,SW,0,-5,changed_periodic,,51,1,24
sl4x4_000,SW,0,-4,changed_periodic,,208,2,55
sl4x4_000,SW,0,-3,changed_periodic,,56,1,0
sl4x4_000,SW,0,-2,changed_periodic,,34,1,0
sl4x4_000,SW,0,-1,changed_periodic,,35,1,0
sl4x4_000,SW,0,0,changed_periodic,,37,1,0
sl4x4_000,SW,0,1,changed_periodic,,40,1,0
sl4x4_000,SW,0,2,changed_periodic,,66,1,0
sl4x4_000,SW,0,3,changed_periodic,,222,2,55
sl4x4_000,SW,0,4,changed_periodic,,69,1,24
sl4x4_000,SW,1,-5,changed_periodic,,50,1,24
sl4x4_000,SW,1,-4,changed_periodic,,207,2,55
sl4x4_000,SW,1,-3,changed_periodic,,55,1,0
sl4x4_000,SW,1,-2,changed_periodic,,33,1,0
sl4x4_000,SW,1,-1,changed_periodic,,34,1,0
sl4x4_000,SW,1,0,changed_periodic,,36,1,0
sl4x4_000,SW,1,1,changed_periodic,,39,1,0
sl4x4_000,SW,1,2,changed_periodic,,65,1,0
sl4x4_000,SW,1,3,changed_periodic,,221,2,55
sl4x4_000,SW,1,4,changed_periodic,,68,1,24
sl4x4_000,SW,2,-5,changed_periodic,,49,1,24
sl4x4_000,SW,2,-4,changed_periodic,,206,2,55
sl4x4_000,SW,2,-3,changed_periodic,,54,1,0
sl4x4_000,SW,2,-2,changed_periodic,,32,1,0
sl4x4_000,SW,2,-1,changed_periodic,,33,1,0
sl4x4_000,SW,2,0,changed_periodic,,35,1,0
sl4x4_000,SW,2,1,changed_periodic,,38,1,0
sl4x4_000,SW,2,2,changed_periodic,,64,1,0
sl4x4_000,SW,2,3,changed_periodic,,220,2,55
sl4x4_000,SW,2,4,changed_periodic,,67,1,24
sl4x4_000,SW,3,-5,changed_periodic,,48,1,24
sl4x4_000,SW,3,-4,changed_periodic,,205,2,55
sl4x4_000,SW,3,-3,changed_periodic,,53,1,0
sl4x4_000,SW,3,-2,changed_periodic,,31,1,0
sl4x4_000,SW,3,-1,changed_periodic,,32,1,0
sl4x4_000,SW,3,0,changed_periodic,,34,1,0
sl4x4_000,SW,3,1,changed_periodic,,37,1,0
sl4x4_000,SW,3,2,changed_periodic,,63,1,0
sl4x4_000,SW,3,3,changed_periodic,,219,2,55
sl4x4_000,SW,3,4,changed_periodic,,66,1,24
sl4x4_000,NW,0,-5,changed_periodic,,69,1,24
sl4x4_000,NW,0,-4,changed_periodic,,222,2,55
sl4x4_000,NW,0,-3,changed_periodic,,66,1,0
sl4x4_000,NW,0,-2,changed_periodic,,40,1,0
sl4x4_000,NW,0,-1,changed_periodic,,37,1,0
sl4x4_000,NW,0,0,changed_periodic,,35,1,0
sl4x4_000,NW,0,1,changed_periodic,,34,1,0
sl4x4_000,NW,0,2,changed_periodic,,56,1,0
sl4x4_000,NW,0,3,changed_periodic,,208,2,55
sl4x4_000,NW,0,4,changed_periodic,,51,1,24
sl4x4_000,NW,1,-5,changed_periodic,,68,1,24
sl4x4_000,NW,1,-4,changed_periodic,,221,2,55
sl4x4_000,NW,1,-3,changed_periodic,,65,1,0
sl4x4_000,NW,1,-2,changed_periodic,,39,1,0
sl4x4_000,NW,1,-1,changed_periodic,,36,1,0
sl4x4_000,NW,1,0,changed_periodic,,34,1,0
sl4x4_000,NW,1,1,changed_periodic,,33,1,0
sl4x4_000,NW,1,2,changed_periodic,,55,1,0
sl4x4_000,NW,1,3,changed_periodic,,207,2,55
sl4x4_000,NW,1,4,changed_periodic,,50,1,24
sl4x4_000,NW,2,-5,changed_periodic,,67,1,24
sl4x4_000,NW,2,-4,changed_periodic,,220,2,55
sl4x4_000,NW,2,-3,changed_periodic,,64,1,0
sl4x4_000,NW,2,-2,changed_periodic,,38,1,0
sl4x4_000,NW,2,-1,changed_periodic,,35,1,0
sl4x4_000,NW,2,0,changed_periodic,,33,1,0
sl4x4_000,NW,2,1,changed_periodic,,32,1,0
sl4x4_000,NW,2,2,changed_periodic,,54,1,0
sl4x4_000,NW,2,3,changed_periodic,,206,2,55
sl4x4_000,NW,2,4,changed_periodic,,49,1,24
sl4x4_000,NW,3,-5,changed_periodic,,66,1,24
sl4x4_000,NW,3,-4,changed_periodic,,219,2,55
sl4x4_000,NW,3,-3,changed_periodic,,63,1,0
sl4x4_000,NW,3,-2,changed_periodic,,37,1,0
sl4x4_000,NW,3,-1,changed_periodic,,34,1,0
sl4x4_000,NW,3,0,changed_periodic,,32,1,0
sl4x4_000,NW,3,1,changed_periodic,,31,1,0
sl4x4_000,NW,3,2,changed_periodic,,53,1,0
sl4x4_000,NW,3,3,changed_periodic,,205,2,55
sl4x4_000,NW,3,4,changed_periodic,,48,1,24
sl4x4_000,NE,0,-3,changed_periodic,,55,1,24
sl4x4_000,NE,0,-2,changed_periodic,,212,2,55
sl4x4_000,NE,0,-1,changed_periodic,,60,1,0
sl4x4_000,NE,0,0,changed_periodic,,38,1,0
sl4x4_000,NE,0,1,changed_periodic,,39,1,0
sl4x4_000,NE,0,2,changed_periodic,,41,1,0
sl4x4_000,NE,0,3,changed_periodic,,44,1,0
sl4x4_000,NE,0,4,changed_periodic,,70,1,0
sl4x4_000,NE,0,5,changed_periodic,,226,2,55
sl4x4_000,NE,0,6,changed_periodic,,73,1,24
sl4x4_000,NE,1,-3,changed_periodic,,54,1,24
sl4x4_000,NE,1,-2,changed_periodic,,211,2,55
sl4x4_000,NE,1,-1,changed_periodic,,59,1,0
sl4x4_000,NE,1,0,changed_periodic,,37,1,0
sl4x4_000,NE,1,1,changed_periodic,,38,1,0
sl4x4_000,NE,1,2,changed_periodic,,40,1,0
sl4x4_000,NE,1,3,changed_periodic,,43,1,0
sl4x4_000,NE,1,4,changed_periodic,,69,1,0
sl4x4_000,NE,1,5,changed_periodic,,225,2,55
sl4x4_000,NE,1,6,changed_periodic,,72,1,24
sl4x4_000,NE,2,-3,changed_periodic,,53,1,24
sl4x4_000,NE,2,-2,changed_periodic,,210,2,55
sl4x4_000,NE,2,-1,changed_periodic,,58,1,0
sl4x4_000,NE,2,0,changed_periodic,,36,1,0
sl4x4_000,NE,2,1,changed_periodic,,37,1,0
sl4x4_000,NE,2,2,changed_periodic,,39,1,0
sl4x4_000,NE,2,3,changed_periodic,,42,1,0
sl4x4_000,NE,2,4,changed_periodic,,68,1,0
sl4x4_000,NE,2,5,changed_periodic,,224,2,55
sl4x4_000,NE,2,6,changed_periodic,,71,1,24
sl4x4_000,NE,3,-3,changed_periodic,,52,1,24
sl4x4_000,NE,3,-2,changed_periodic,,209,2,55
sl4x4_000,NE,3,-1,changed_periodic,,57,1,0
sl4x4_000,NE,3,0,changed_periodic,,35,1,0
sl4x4_000,NE,3,1,changed_periodic,,36,1,0
sl4x4_000,NE,3,2,changed_periodic,,38,1,0
sl4x4_000,NE,3,3,changed_periodic,,41,1,0
sl4x4_000,NE,3,4,changed_periodic,,67,1,0
sl4x4_000,NE,3,5,changed_periodic,,223,2,55
sl4x4_000,NE,3,6,changed_periodic,,70,1,24
sl4x4_001,SE,0,-5,changed_periodic,,59,1,0
sl4x4_001,SE,0,-4,changed_periodic,,55,1,0
sl4x4_001,SE,0,-3,changed_periodic,,124,1,6
sl4x4_001,SE,0,-2,unresolved_by_horizon,,,,99
sl4x4_001,SE,0,-1,changed_periodic,,45,1,6
sl4x4_001,SE,0,0,changed_periodic,,43,1,6
sl4x4_001,SE,0,1,unresolved_by_horizon,,,,119
sl4x4_001,SE,0,2,changed_periodic,,114,1,6
sl4x4_001,SE,0,3,changed_periodic,,41,1,0
sl4x4_001,SE,0,4,changed_periodic,,41,1,0
sl4x4_001,SE,1,-5,changed_periodic,,58,1,0
sl4x4_001,SE,1,-4,changed_periodic,,54,1,0
sl4x4_001,SE,1,-3,changed_periodic,,123,1,6
sl4x4_001,SE,1,-2,unresolved_by_horizon,,,,115
sl4x4_001,SE,1,-1,changed_periodic,,44,1,6
sl4x4_001,SE,1,0,changed_periodic,,42,1,6
sl4x4_001,SE,1,1,unresolved_by_horizon,,,,100
sl4x4_001,SE,1,2,changed_periodic,,113,1,6
sl4x4_001,SE,1,3,changed_periodic,,40,1,0
sl4x4_001,SE,1,4,changed_periodic,,40,1,0
sl4x4_001,SE,2,-5,changed_periodic,,57,1,0
sl4x4_001,SE,2,-4,changed_periodic,,53,1,0
sl4x4_001,SE,2,-3,changed_periodic,,122,1,6
sl4x4_001,SE,2,-2,unresolved_by_horizon,,,,99
sl4x4_001,SE,2,-1,changed_periodic,,43,1,6
sl4x4_001,SE,2,0,changed_periodic,,41,1,6
sl4x4_001,SE,2,1,unresolved_by_horizon,,,,118
sl4x4_001,SE,2,2,changed_periodic,,112,1,6
sl4x4_001,SE,2,3,changed_periodic,,39,1,0
sl4x4_001,SE,2,4,changed_periodic,,39,1,0
sl4x4_001,SE,3,-5,changed_periodic,,56,1,0
sl4x4_001,SE,3,-4,changed_periodic,,52,1,0
sl4x4_001,SE,3,-3,changed_periodic,,121,1,6
sl4x4_001,SE,3,-2,unresolved_by_horizon,,,,96
sl4x4_001,SE,3,-1,changed_periodic,,42,1,6
sl4x4_001,SE,3,0,changed_periodic,,40,1,6
sl4x4_001,SE,3,1,unresolved_by_horizon,,,,112
sl4x4_001,SE,3,2,changed_periodic,,111,1,6
sl4x4_001,SE,3,3,changed_periodic,,38,1,0
sl4x4_001,SE,3,4,changed_periodic,,38,1,0
sl4x4_001,SW,0,-6,changed_periodic,,33,1,0
sl4x4_001,SW,0,-5,changed_periodic,,33,1,0
sl4x4_001,SW,0,-4,changed_periodic,,106,1,6
sl4x4_001,SW,0,-3,unresolved_by_horizon,,,,131
sl4x4_001,SW,0,-2,changed_periodic,,35,1,6
sl4x4_001,SW,0,-1,changed_periodic,,37,1,6
sl4x4_001,SW,0,0,unresolved_by_horizon,,,,118
sl4x4_001,SW,0,1,changed_periodic,,116,1,6
sl4x4_001,SW,0,2,changed_periodic,,47,1,0
sl4x4_001,SW,0,3,changed_periodic,,51,1,0
sl4x4_001,SW,1,-6,changed_periodic,,32,1,0
sl4x4_001,SW,1,-5,changed_periodic,,32,1,0
sl4x4_001,SW,1,-4,changed_periodic,,105,1,6
sl4x4_001,SW,1,-3,unresolved_by_horizon,,,,136
sl4x4_001,SW,1,-2,changed_periodic,,34,1,6
sl4x4_001,SW,1,-1,changed_periodic,,36,1,6
sl4x4_001,SW,1,0,unresolved_by_horizon,,,,112
sl4x4_001,SW,1,1,changed_periodic,,115,1,6
sl4x4_001,SW,1,2,changed_periodic,,46,1,0
sl4x4_001,SW,1,3,changed_periodic,,50,1,0
sl4x4_001,SW,2,-6,changed_periodic,,31,1,0
sl4x4_001,SW,2,-5,changed_periodic,,31,1,0
sl4x4_001,SW,2,-4,changed_periodic,,104,1,6
sl4x4_001,SW,2,-3,unresolved_by_horizon,,,,133
sl4x4_001,SW,2,-2,changed_periodic,,33,1,6
sl4x4_001,SW,2,-1,changed_periodic,,35,1,6
sl4x4_001,SW,2,0,unresolved_by_horizon,,,,150
sl4x4_001,SW,2,1,changed_periodic,,114,1,6
sl4x4_001,SW,2,2,changed_periodic,,45,1,0
sl4x4_001,SW,2,3,changed_periodic,,49,1,0
sl4x4_001,SW,3,-6,changed_periodic,,30,1,0
sl4x4_001,SW,3,-5,changed_periodic,,30,1,0
sl4x4_001,SW,3,-4,changed_periodic,,103,1,6
sl4x4_001,SW,3,-3,unresolved_by_horizon,,,,124
sl4x4_001,SW,3,-2,changed_periodic,,32,1,6
sl4x4_001,SW,3,-1,changed_periodic,,34,1,6
sl4x4_001,SW,3,0,unresolved_by_horizon,,,,130
sl4x4_001,SW,3,1,changed_periodic,,113,1,6
sl4x4_001,SW,3,2,changed_periodic,,44,1,0
sl4x4_001,SW,3,3,changed_periodic,,48,1,0
sl4x4_001,NW,0,-5,changed_periodic,,51,1,0
sl4x4_001,NW,0,-4,changed_periodic,,47,1,0
sl4x4_001,NW,0,-3,changed_periodic,,116,1,6
sl4x4_001,NW,0,-2,unresolved_by_horizon,,,,118
sl4x4_001,NW,0,-1,changed_periodic,,37,1,6
sl4x4_001,NW,0,0,changed_periodic,,35,1,6
sl4x4_001,NW,0,1,unresolved_by_horizon,,,,131
sl4x4_001,NW,0,2,changed_periodic,,106,1,6
sl4x4_001,NW,0,3,changed_periodic,,33,1,0
sl4x4_001,NW,0,4,changed_periodic,,33,1,0
sl4x4_001,NW,1,-5,changed_periodic,,50,1,0
sl4x4_001,NW,1,-4,changed_periodic,,46,1,0
sl4x4_001,NW,1,-3,changed_periodic,,115,1,6
sl4x4_001,NW,1,-2,unresolved_by_horizon,,,,112
sl4x4_001,NW,1,-1,changed_periodic,,36,1,6
sl4x4_001,NW,1,0,changed_periodic,,34,1,6
sl4x4_001,NW,1,1,unresolved_by_horizon,,,,136
sl4x4_001,NW,1,2,changed_periodic,,105,1,6
sl4x4_001,NW,1,3,changed_periodic,,32,1,0
sl4x4_001,NW,1,4,changed_periodic,,32,1,0
sl4x4_001,NW,2,-5,changed_periodic,,49,1,0
sl4x4_001,NW,2,-4,changed_periodic,,45,1,0
sl4x4_001,NW,2,-3,changed_periodic,,114,1,6
sl4x4_001,NW,2,-2,unresolved_by_horizon,,,,150
sl4x4_001,NW,2,-1,changed_periodic,,35,1,6
sl4x4_001,NW,2,0,changed_periodic,,33,1,6
sl4x4_001,NW,2,1,unresolved_by_horizon,,,,133
sl4x4_001,NW,2,2,changed_periodic,,104,1,6
sl4x4_001,NW,2,3,changed_periodic,,31,1,0
sl4x4_001,NW,2,4,changed_periodic,,31,1,0
sl4x4_001,NW,3,-5,changed_periodic,,48,1,0
sl4x4_001,NW,3,-4,changed_periodic,,44,1,0
sl4x4_001,NW,3,-3,changed_periodic,,113,1,6
sl4x4_001,NW,3,-2,unresolved_by_horizon,,,,130
sl4x4_001,NW,3,-1,changed_periodic,,34,1,6
sl4x4_001,NW,3,0,changed_periodic,,32,1,6
sl4x4_001,NW,3,1,unresolved_by_horizon,,,,124
sl4x4_001,NW,3,2,changed_periodic,,103,1,6
sl4x4_001,NW,3,3,changed_periodic,,30,1,0
sl4x4_001,NW,3,4,changed_periodic,,30,1,0
sl4x4_001,NE,0,-2,changed_periodic,,41,1,0
sl4x4_001,NE,0,-1,changed_periodic,,41,1,0
sl4x4_001,NE,0,0,changed_periodic,,114,1,6
sl4x4_001,NE,0,1,unresolved_by_horizon,,,,119
sl4x4_001,NE,0,2,changed_periodic,,43,1,6
sl4x4_001,NE,0,3,changed_periodic,,45,1,6
sl4x4_001,NE,0,4,unresolved_by_horizon,,,,99
sl4x4_001,NE,0,5,changed_periodic,,124,1,6
sl4x4_001,NE,0,6,changed_periodic,,55,1,0
sl4x4_001,NE,0,7,changed_periodic,,59,1,0
sl4x4_001,NE,1,-2,changed_periodic,,40,1,0
sl4x4_001,NE,1,-1,changed_periodic,,40,1,0
sl4x4_001,NE,1,0,changed_periodic,,113,1,6
sl4x4_001,NE,1,1,unresolved_by_horizon,,,,100
sl4x4_001,NE,1,2,changed_periodic,,42,1,6
sl4x4_001,NE,1,3,changed_periodic,,44,1,6
sl4x4_001,NE,1,4,unresolved_by_horizon,,,,115
sl4x4_001,NE,1,5,changed_periodic,,123,1,6
sl4x4_001,NE,1,6,changed_periodic,,54,1,0
sl4x4_001,NE,1,7,changed_periodic,,58,1,0
sl4x4_001,NE,2,-2,changed_periodic,,39,1,0
sl4x4_001,NE,2,-1,changed_periodic,,39,1,0
sl4x4_001,NE,2,0,changed_periodic,,112,1,6
sl4x4_001,NE,2,1,unresolved_by_horizon,,,,118
sl4x4_001,NE,2,2,changed_periodic,,41,1,6
sl4x4_001,NE,2,3,changed_periodic,,43,1,6
sl4x4_001,NE,2,4,unresolved_by_horizon,,,,99
sl4x4_001,NE,2,5,changed_periodic,,122,1,6
sl4x4_001,NE,2,6,changed_periodic,,53,1,0
sl4x4_001,NE,2,7,changed_periodic,,57,1,0
sl4x4_001,NE,3,-2,changed_periodic,,38,1,0
sl4x4_001,NE,3,-1,changed_periodic,,38,1,0
sl4x4_001,NE,3,0,changed_periodic,,111,1,6
sl4x4_001,NE,3,1,unresolved_by_horizon,,,,112
sl4x4_001,NE,3,2,changed_periodic,,40,1,6
sl4x4_001,NE,3,3,changed_periodic,,42,1,6
sl4x4_001,NE,3,4,unresolved_by_horizon,,,,96
sl4x4_001,NE,3,5,changed_periodic,,121,1,6
sl4x4_001,NE,3,6,changed_periodic,,52,1,0
sl4x4_001,NE,3,7,changed_periodic,,56,1,0
sl4x4_002,SE,0,-5,changed_periodic,,62,1,4
sl4x4_002,SE,0,-4,unresolved_by_horizon,,,,135
sl4x4_002,SE,0,-3,unresolved_by_horizon,,,,28
sl4x4_002,SE,0,-2,changed_periodic,,44,2,3
sl4x4_002,SE,0,-1,changed_periodic,,42,2,3
sl4x4_002,SE,0,0,changed_periodic,,40,2,3
sl4x4_002,SE,0,1,changed_periodic,,38,2,3
sl4x4_002,SE,0,2,unresolved_by_horizon,,,,28
sl4x4_002,SE,0,3,unresolved_by_horizon,,,,134
sl4x4_002,SE,0,4,changed_periodic,,44,1,4
sl4x4_002,SE,1,-5,changed_periodic,,61,1,4
sl4x4_002,SE,1,-4,unresolved_by_horizon,,,,144
sl4x4_002,SE,1,-3,unresolved_by_horizon,,,,28
sl4x4_002,SE,1,-2,changed_periodic,,43,2,3
sl4x4_002,SE,1,-1,changed_periodic,,41,2,3
sl4x4_002,SE,1,0,changed_periodic,,39,2,3
sl4x4_002,SE,1,1,changed_periodic,,37,2,3
sl4x4_002,SE,1,2,unresolved_by_horizon,,,,28
sl4x4_002,SE,1,3,unresolved_by_horizon,,,,113
sl4x4_002,SE,1,4,changed_periodic,,43,1,4
sl4x4_002,SE,2,-5,changed_periodic,,60,1,4
sl4x4_002,SE,2,-4,unresolved_by_horizon,,,,141
sl4x4_002,SE,2,-3,unresolved_by_horizon,,,,28
sl4x4_002,SE,2,-2,changed_periodic,,42,2,3
sl4x4_002,SE,2,-1,changed_periodic,,40,2,3
sl4x4_002,SE,2,0,changed_periodic,,38,2,3
sl4x4_002,SE,2,1,changed_periodic,,36,2,3
sl4x4_002,SE,2,2,unresolved_by_horizon,,,,28
sl4x4_002,SE,2,3,unresolved_by_horizon,,,,111
sl4x4_002,SE,2,4,changed_periodic,,42,1,4
sl4x4_002,SE,3,-5,changed_periodic,,59,1,4
sl4x4_002,SE,3,-4,unresolved_by_horizon,,,,144
sl4x4_002,SE,3,-3,unresolved_by_horizon,,,,28
sl4x4_002,SE,3,-2,changed_periodic,,41,2,3
sl4x4_002,SE,3,-1,changed_periodic,,39,2,3
sl4x4_002,SE,3,0,changed_periodic,,37,2,3
sl4x4_002,SE,3,1,changed_periodic,,35,2,3
sl4x4_002,SE,3,2,unresolved_by_horizon,,,,28
sl4x4_002,SE,3,3,unresolved_by_horizon,,,,120
sl4x4_002,SE,3,4,changed_periodic,,41,1,4
sl4x4_002,SW,0,-6,changed_periodic,,32,1,0
sl4x4_002,SW,0,-5,unresolved_by_horizon,,,,9
sl4x4_002,SW,0,-4,changed_periodic,,35,2,3
sl4x4_002,SW,0,-3,unresolved_by_horizon,,,,32
sl4x4_002,SW,0,-2,changed_periodic,,33,1,0
sl4x4_002,SW,0,-1,changed_periodic,,39,1,0
sl4x4_002,SW,0,0,unresolved_by_horizon,,,,5
sl4x4_002,SW,0,1,changed_periodic,,43,1,0
sl4x4_002,SW,0,2,changed_periodic,,63,1,24
sl4x4_002,SW,0,3,changed_periodic,,222,2,55
sl4x4_002,SW,0,4,changed_periodic,,79,1,0
sl4x4_002,SW,1,-6,changed_periodic,,31,1,0
sl4x4_002,SW,1,-5,unresolved_by_horizon,,,,9
sl4x4_002,SW,1,-4,changed_periodic,,34,2,3
sl4x4_002,SW,1,-3,unresolved_by_horizon,,,,32
sl4x4_002,SW,1,-2,changed_periodic,,32,1,0
sl4x4_002,SW,1,-1,changed_periodic,,38,1,0
sl4x4_002,SW,1,0,unresolved_by_horizon,,,,5
sl4x4_002,SW,1,1,changed_periodic,,42,1,0
sl4x4_002,SW,1,2,changed_periodic,,62,1,24
sl4x4_002,SW,1,3,changed_periodic,,221,2,55
sl4x4_002,SW,1,4,changed_periodic,,78,1,0
sl4x4_002,SW,2,-6,changed_periodic,,30,1,0
sl4x4_002,SW,2,-5,unresolved_by_horizon,,,,9
sl4x4_002,SW,2,-4,changed_periodic,,33,2,3
sl4x4_002,SW,2,-3,unresolved_by_horizon,,,,32
sl4x4_002,SW,2,-2,changed_periodic,,31,1,0
sl4x4_002,SW,2,-1,changed_periodic,,37,1,0
sl4x4_002,SW,2,0,unresolved_by_horizon,,,,5
sl4x4_002,SW,2,1,changed_periodic,,41,1,0
sl4x4_002,SW,2,2,changed_periodic,,61,1,24
sl4x4_002,SW,2,3,changed_periodic,,220,2,55
sl4x4_002,SW,2,4,changed_periodic,,77,1,0
sl4x4_002,SW,3,-6,changed_periodic,,29,1,0
sl4x4_002,SW,3,-5,unresolved_by_horizon,,,,9
sl4x4_002,SW,3,-4,changed_periodic,,32,2,3
sl4x4_002,SW,3,-3,unresolved_by_horizon,,,,32
sl4x4_002,SW,3,-2,changed_periodic,,30,1,0
sl4x4_002,SW,3,-1,changed_periodic,,36,1,0
sl4x4_002,SW,3,0,unresolved_by_horizon,,,,5
sl4x4_002,SW,3,1,changed_periodic,,40,1,0
sl4x4_002,SW,3,2,changed_periodic,,60,1,24
sl4x4_002,SW,3,3,changed_periodic,,219,2,55
sl4x4_002,SW,3,4,changed_periodic,,76,1,0
sl4x4_002,NW,0,-5,unresolved_by_horizon,,,,9
sl4x4_002,NW,0,-4,changed_periodic,,46,1,0
sl4x4_002,NW,0,-3,unresolved_by_horizon,,,,95
sl4x4_002,NW,0,-2,changed_periodic,,195,2,15
sl4x4_002,NW,0,-1,changed_periodic,,39,1,0
sl4x4_002,NW,0,0,changed_periodic,,37,1,0
sl4x4_002,NW,0,1,changed_periodic,,189,2,15
sl4x4_002,NW,0,2,unresolved_by_horizon,,,,70
sl4x4_002,NW,0,3,changed_periodic,,32,1,0
sl4x4_002,NW,0,4,unresolved_by_horizon,,,,9
sl4x4_002,NW,1,-5,unresolved_by_horizon,,,,9
sl4x4_002,NW,1,-4,changed_periodic,,45,1,0
sl4x4_002,NW,1,-3,unresolved_by_horizon,,,,90
sl4x4_002,NW,1,-2,changed_periodic,,194,2,15
sl4x4_002,NW,1,-1,changed_periodic,,38,1,0
sl4x4_002,NW,1,0,changed_periodic,,36,1,0
sl4x4_002,NW,1,1,changed_periodic,,188,2,15
sl4x4_002,NW,1,2,unresolved_by_horizon,,,,67
sl4x4_002,NW,1,3,changed_periodic,,31,1,0
sl4x4_002,NW,1,4,unresolved_by_horizon,,,,9
sl4x4_002,NW,2,-5,unresolved_by_horizon,,,,9
sl4x4_002,NW,2,-4,changed_periodic,,44,1,0
sl4x4_002,NW,2,-3,unresolved_by_horizon,,,,83
sl4x4_002,NW,2,-2,changed_periodic,,193,2,15
sl4x4_002,NW,2,-1,changed_periodic,,37,1,0
sl4x4_002,NW,2,0,changed_periodic,,35,1,0
sl4x4_002,NW,2,1,changed_periodic,,187,2,15
sl4x4_002,NW,2,2,unresolved_by_horizon,,,,67
sl4x4_002,NW,2,3,changed_periodic,,30,1,0
sl4x4_002,NW,2,4,unresolved_by_horizon,,,,9
sl4x4_002,NW,3,-5,unresolved_by_horizon,,,,9
sl4x4_002,NW,3,-4,changed_periodic,,43,1,0
sl4x4_002,NW,3,-3,unresolved_by_horizon,,,,86
sl4x4_002,NW,3,-2,changed_periodic,,192,2,15
sl4x4_002,NW,3,-1,changed_periodic,,36,1,0
sl4x4_002,NW,3,0,changed_periodic,,34,1,0
sl4x4_002,NW,3,1,changed_periodic,,186,2,15
sl4x4_002,NW,3,2,unresolved_by_horizon,,,,70
sl4x4_002,NW,3,3,changed_periodic,,29,1,0
sl4x4_002,NW,3,4,unresolved_by_horizon,,,,9
sl4x4_002,NE,0,-3,changed_periodic,,65,1,0
sl4x4_002,NE,0,-2,changed_periodic,,212,2,55
sl4x4_002,NE,0,-1,changed_periodic,,57,1,24
sl4x4_002,NE,0,0,changed_periodic,,41,1,0
sl4x4_002,NE,0,1,unresolved_by_horizon,,,,5
sl4x4_002,NE,0,2,changed_periodic,,45,1,0
sl4x4_002,NE,0,3,changed_periodic,,43,1,0
sl4x4_002,NE,0,4,unresolved_by_horizon,,,,32
sl4x4_002,NE,0,5,changed_periodic,,53,2,3
sl4x4_002,NE,0,6,unresolved_by_horizon,,,,9
sl4x4_002,NE,0,7,changed_periodic,,58,1,0
sl4x4_002,NE,1,-3,changed_periodic,,64,1,0
sl4x4_002,NE,1,-2,changed_periodic,,211,2,55
sl4x4_002,NE,1,-1,changed_periodic,,56,1,24
sl4x4_002,NE,1,0,changed_periodic,,40,1,0
sl4x4_002,NE,1,1,unresolved_by_horizon,,,,5
sl4x4_002,NE,1,2,changed_periodic,,44,1,0
sl4x4_002,NE,1,3,changed_periodic,,42,1,0
sl4x4_002,NE,1,4,unresolved_by_horizon,,,,32
sl4x4_002,NE,1,5,changed_periodic,,52,2,3
sl4x4_002,NE,1,6,unresolved_by_horizon,,,,9
sl4x4_002,NE,1,7,changed_periodic,,57,1,0
sl4x4_002,NE,2,-3,changed_periodic,,63,1,0
sl4x4_002,NE,2,-2,changed_periodic,,210,2,55
sl4x4_002,NE,2,-1,changed_periodic,,55,1,24
sl4x4_002,NE,2,0,changed_periodic,,39,1,0
sl4x4_002,NE,2,1,unresolved_by_horizon,,,,5
sl4x4_002,NE,2,2,changed_periodic,,43,1,0
sl4x4_002,NE,2,3,changed_periodic,,41,1,0
sl4x4_002,NE,2,4,unresolved_by_horizon,,,,32
sl4x4_002,NE,2,5,changed_periodic,,51,2,3
sl4x4_002,NE,2,6,unresolved_by_horizon,,,,9
sl4x4_002,NE,2,7,changed_periodic,,56,1,0
sl4x4_002,NE,3,-3,changed_periodic,,62,1,0
sl4x4_002,NE,3,-2,changed_periodic,,209,2,55
sl4x4_002,NE,3,-1,changed_periodic,,54,1,24
sl4x4_002,NE,3,0,changed_periodic,,38,1,0
sl4x4_002,NE,3,1,unresolved_by_horizon,,,,5
sl4x4_002,NE,3,2,changed_periodic,,42,1,0
sl4x4_002,NE,3,3,changed_periodic,,40,1,0
sl4x4_002,NE,3,4,unresolved_by_horizon,,,,32
sl4x4_002,NE,3,5,changed_periodic,,50,2,3
sl4x4_002,NE,3,6,unresolved_by_horizon,,,,9
sl4x4_002,NE,3,7,changed_periodic,,55,1,0
sl4x4_003,SE,0,-5,changed_periodic,,56,1,12
sl4x4_003,SE,0,-4,changed_periodic,,68,2,12
sl4x4_003,SE,0,-3,changed_periodic,,125,2,33
sl4x4_003,SE,0,-2,changed_periodic,,148,2,15
sl4x4_003,SE,0,-1,changed_periodic,,43,1,4
sl4x4_003,SE,0,0,changed_periodic,,40,1,4
sl4x4_003,SE,0,1,changed_periodic,,38,1,4
sl4x4_003,SE,0,2,changed_periodic,,42,1,11
sl4x4_003,SE,0,3,changed_periodic,,84,2,21
sl4x4_003,SE,0,4,changed_periodic,,55,2,10
sl4x4_003,SE,0,5,changed_periodic,,42,1,12
sl4x4_003,SE,0,6,changed_periodic,,125,2,6
sl4x4_003,SE,1,-5,changed_periodic,,55,1,12
sl4x4_003,SE,1,-4,changed_periodic,,67,2,12
sl4x4_003,SE,1,-3,changed_periodic,,124,2,33
sl4x4_003,SE,1,-2,changed_periodic,,147,2,15
sl4x4_003,SE,1,-1,changed_periodic,,42,1,4
sl4x4_003,SE,1,0,changed_periodic,,39,1,4
sl4x4_003,SE,1,1,changed_periodic,,37,1,4
sl4x4_003,SE,1,2,changed_periodic,,41,1,11
sl4x4_003,SE,1,3,changed_periodic,,83,2,21
sl4x4_003,SE,1,4,changed_periodic,,54,2,10
sl4x4_003,SE,1,5,changed_periodic,,41,1,12
sl4x4_003,SE,1,6,changed_periodic,,124,2,6
sl4x4_003,SE,2,-5,changed_periodic,,54,1,12
sl4x4_003,SE,2,-4,changed_periodic,,66,2,12
sl4x4_003,SE,2,-3,changed_periodic,,123,2,33
sl4x4_003,SE,2,-2,changed_periodic,,146,2,15
sl4x4_003,SE,2,-1,changed_periodic,,41,1,4
sl4x4_003,SE,2,0,changed_periodic,,38,1,4
sl4x4_003,SE,2,1,changed_periodic,,36,1,4
sl4x4_003,SE,2,2,changed_periodic,,40,1,11
sl4x4_003,SE,2,3,changed_periodic,,82,2,21
sl4x4_003,SE,2,4,changed_periodic,,53,2,10
sl4x4_003,SE,2,5,changed_periodic,,40,1,12
sl4x4_003,SE,2,6,changed_periodic,,123,2,6
sl4x4_003,SE,3,-5,changed_periodic,,53,1,12
sl4x4_003,SE,3,-4,changed_periodic,,65,2,12
sl4x4_003,SE,3,-3,changed_periodic,,122,2,33
sl4x4_003,SE,3,-2,changed_periodic,,145,2,15
sl4x4_003,SE,3,-1,changed_periodic,,40,1,4
sl4x4_003,SE,3,0,changed_periodic,,37,1,4
sl4x4_003,SE,3,1,changed_periodic,,35,1,4
sl4x4_003,SE,3,2,changed_periodic,,39,1,11
sl4x4_003,SE,3,3,changed_periodic,,81,2,21
sl4x4_003,SE,3,4,changed_periodic,,52,2,10
sl4x4_003,SE,3,5,changed_periodic,,39,1,12
sl4x4_003,SE,3,6,changed_periodic,,122,2,6
sl4x4_003,SW,0,-7,changed_periodic,,34,1,12
sl4x4_003,SW,0,-6,unresolved_by_horizon,,,,62
sl4x4_003,SW,0,-5,changed_periodic,,38,1,4
sl4x4_003,SW,0,-4,changed_periodic,,112,1,10
sl4x4_003,SW,0,-3,changed_periodic,,34,1,0
sl4x4_003,SW,0,-2,unresolved_by_horizon,,,,56
sl4x4_003,SW,0,-1,unresolved_by_horizon,,,,98
sl4x4_003,SW,0,0,unresolved_by_horizon,,,,45
sl4x4_003,SW,0,1,changed_periodic,,57,1,0
sl4x4_003,SW,0,2,changed_periodic,,41,1,11
sl4x4_003,SW,0,3,changed_periodic,,249,2,20
sl4x4_003,SW,0,4,changed_periodic,,52,1,12
sl4x4_003,SW,1,-7,changed_periodic,,33,1,12
sl4x4_003,SW,1,-6,unresolved_by_horizon,,,,61
sl4x4_003,SW,1,-5,changed_periodic,,37,1,4
sl4x4_003,SW,1,-4,changed_periodic,,111,1,10
sl4x4_003,SW,1,-3,changed_periodic,,33,1,0
sl4x4_003,SW,1,-2,unresolved_by_horizon,,,,53
sl4x4_003,SW,1,-1,unresolved_by_horizon,,,,82
sl4x4_003,SW,1,0,unresolved_by_horizon,,,,44
sl4x4_003,SW,1,1,changed_periodic,,56,1,0
sl4x4_003,SW,1,2,changed_periodic,,40,1,11
sl4x4_003,SW,1,3,changed_periodic,,248,2,20
sl4x4_003,SW,1,4,changed_periodic,,51,1,12
sl4x4_003,SW,2,-7,changed_periodic,,32,1,12
sl4x4_003,SW,2,-6,unresolved_by_horizon,,,,66
sl4x4_003,SW,2,-5,changed_periodic,,36,1,4
sl4x4_003,SW,2,-4,changed_periodic,,110,1,10
sl4x4_003,SW,2,-3,changed_periodic,,32,1,0
sl4x4_003,SW,2,-2,unresolved_by_horizon,,,,55
sl4x4_003,SW,2,-1,unresolved_by_horizon,,,,85
sl4x4_003,SW,2,0,unresolved_by_horizon,,,,47
sl4x4_003,SW,2,1,changed_periodic,,55,1,0
sl4x4_003,SW,2,2,changed_periodic,,39,1,11
sl4x4_003,SW,2,3,changed_periodic,,247,2,20
sl4x4_003,SW,2,4,changed_periodic,,50,1,12
sl4x4_003,SW,3,-7,changed_periodic,,31,1,12
sl4x4_003,SW,3,-6,unresolved_by_horizon,,,,70
sl4x4_003,SW,3,-5,changed_periodic,,35,1,4
sl4x4_003,SW,3,-4,changed_periodic,,109,1,10
sl4x4_003,SW,3,-3,changed_periodic,,31,1,0
sl4x4_003,SW,3,-2,unresolved_by_horizon,,,,46
sl4x4_003,SW,3,-1,unresolved_by_horizon,,,,95
sl4x4_003,SW,3,0,unresolved_by_horizon,,,,42
sl4x4_003,SW,3,1,changed_periodic,,54,1,0
sl4x4_003,SW,3,2,changed_periodic,,38,1,11
sl4x4_003,SW,3,3,changed_periodic,,246,2,20
sl4x4_003,SW,3,4,changed_periodic,,49,1,12
sl4x4_003,NW,0,-7,changed_periodic,,52,1,12
sl4x4_003,NW,0,-6,changed_periodic,,64,2,12
sl4x4_003,NW,0,-5,changed_periodic,,121,2,33
sl4x4_003,NW,0,-4,changed_periodic,,144,2,15
sl4x4_003,NW,0,-3,changed_periodic,,39,1,4
sl4x4_003,NW,0,-2,changed_periodic,,36,1,4
sl4x4_003,NW,0,-1,changed_periodic,,34,1,4
sl4x4_003,NW,0,0,changed_periodic,,38,1,11
sl4x4_003,NW,0,1,changed_periodic,,80,2,21
sl4x4_003,NW,0,2,changed_periodic,,51,2,10
sl4x4_003,NW,0,3,changed_periodic,,38,1,12
sl4x4_003,NW,0,4,changed_periodic,,121,2,6
sl4x4_003,NW,1,-7,changed_periodic,,51,1,12
sl4x4_003,NW,1,-6,changed_periodic,,63,2,12
sl4x4_003,NW,1,-5,changed_periodic,,120,2,33
sl4x4_003,NW,1,-4,changed_periodic,,143,2,15
sl4x4_003,NW,1,-3,changed_periodic,,38,1,4
sl4x4_003,NW,1,-2,changed_periodic,,35,1,4
sl4x4_003,NW,1,-1,changed_periodic,,33,1,4
sl4x4_003,NW,1,0,changed_periodic,,37,1,11
sl4x4_003,NW,1,1,changed_periodic,,79,2,21
sl4x4_003,NW,1,2,changed_periodic,,50,2,10
sl4x4_003,NW,1,3,changed_periodic,,37,1,12
sl4x4_003,NW,1,4,changed_periodic,,120,2,6
sl4x4_003,NW,2,-7,changed_periodic,,50,1,12
sl4x4_003,NW,2,-6,changed_periodic,,62,2,12
sl4x4_003,NW,2,-5,changed_periodic,,119,2,33
sl4x4_003,NW,2,-4,changed_periodic,,142,2,15
sl4x4_003,NW,2,-3,changed_periodic,,37,1,4
sl4x4_003,NW,2,-2,changed_periodic,,34,1,4
sl4x4_003,NW,2,-1,changed_periodic,,32,1,4
sl4x4_003,NW,2,0,changed_periodic,,36,1,11
sl4x4_003,NW,2,1,changed_periodic,,78,2,21
sl4x4_003,NW,2,2,changed_periodic,,49,2,10
sl4x4_003,NW,2,3,changed_periodic,,36,1,12
sl4x4_003,NW,2,4,changed_periodic,,119,2,6
sl4x4_003,NW,3,-7,changed_periodic,,49,1,12
sl4x4_003,NW,3,-6,changed_periodic,,61,2,12
sl4x4_003,NW,3,-5,changed_periodic,,118,2,33
sl4x4_003,NW,3,-4,changed_periodic,,141,2,15
sl4x4_003,NW,3,-3,changed_periodic,,36,1,4
sl4x4_003,NW,3,-2,changed_periodic,,33,1,4
sl4x4_003,NW,3,-1,changed_periodic,,31,1,4
sl4x4_003,NW,3,0,changed_periodic,,35,1,11
sl4x4_003,NW,3,1,changed_periodic,,77,2,21
sl4x4_003,NW,3,2,changed_periodic,,48,2,10
sl4x4_003,NW,3,3,changed_periodic,,35,1,12
sl4x4_003,NW,3,4,changed_periodic,,118,2,6
sl4x4_003,NE,0,-3,changed_periodic,,38,1,12
sl4x4_003,NE,0,-2,unresolved_by_horizon,,,,50
sl4x4_003,NE,0,-1,changed_periodic,,42,1,4
sl4x4_003,NE,0,0,changed_periodic,,116,1,10
sl4x4_003,NE,0,1,changed_periodic,,38,1,0
sl4x4_003,NE,0,2,unresolved_by_horizon,,,,48
sl4x4_003,NE,0,3,unresolved_by_horizon,,,,85
sl4x4_003,NE,0,4,unresolved_by_horizon,,,,50
sl4x4_003,NE,0,5,changed_periodic,,61,1,0
sl4x4_003,NE,0,6,changed_periodic,,45,1,11
sl4x4_003,NE,0,7,changed_periodic,,253,2,20
sl4x4_003,NE,0,8,changed_periodic,,56,1,12
sl4x4_003,NE,1,-3,changed_periodic,,37,1,12
sl4x4_003,NE,1,-2,unresolved_by_horizon,,,,54
sl4x4_003,NE,1,-1,changed_periodic,,41,1,4
sl4x4_003,NE,1,0,changed_periodic,,115,1,10
sl4x4_003,NE,1,1,changed_periodic,,37,1,0
sl4x4_003,NE,1,2,unresolved_by_horizon,,,,57
sl4x4_003,NE,1,3,unresolved_by_horizon,,,,90
sl4x4_003,NE,1,4,unresolved_by_horizon,,,,46
sl4x4_003,NE,1,5,changed_periodic,,60,1,0
sl4x4_003,NE,1,6,changed_periodic,,44,1,11
sl4x4_003,NE,1,7,changed_periodic,,252,2,20
sl4x4_003,NE,1,8,changed_periodic,,55,1,12
sl4x4_003,NE,2,-3,changed_periodic,,36,1,12
sl4x4_003,NE,2,-2,unresolved_by_horizon,,,,54
sl4x4_003,NE,2,-1,changed_periodic,,40,1,4
sl4x4_003,NE,2,0,changed_periodic,,114,1,10
sl4x4_003,NE,2,1,changed_periodic,,36,1,0
sl4x4_003,NE,2,2,unresolved_by_horizon,,,,56
sl4x4_003,NE,2,3,unresolved_by_horizon,,,,88
sl4x4_003,NE,2,4,unresolved_by_horizon,,,,49
sl4x4_003,NE,2,5,changed_periodic,,59,1,0
sl4x4_003,NE,2,6,changed_periodic,,43,1,11
sl4x4_003,NE,2,7,changed_periodic,,251,2,20
sl4x4_003,NE,2,8,changed_periodic,,54,1,12
sl4x4_003,NE,3,-3,changed_periodic,,35,1,12
sl4x4_003,NE,3,-2,unresolved_by_horizon,,,,58
sl4x4_003,NE,3,-1,changed_periodic,,39,1,4
sl4x4_003,NE,3,0,changed_periodic,,113,1,10
sl4x4_003,NE,3,1,changed_periodic,,35,1,0
sl4x4_003,NE,3,2,unresolved_by_horizon,,,,62
sl4x4_003,NE,3,3,unresolved_by_horizon,,,,97
sl4x4_003,NE,3,4,unresolved_by_horizon,,,,46
sl4x4_003,NE,3,5,changed_periodic,,58,1,0
sl4x4_003,NE,3,6,changed_periodic,,42,1,11
sl4x4_003,NE,3,7,changed_periodic,,250,2,20
sl4x4_003,NE,3,8,changed_periodic,,53,1,12
sl4x4_004,SE,0,-5,changed_periodic,,205,1,6
sl4x4_004,SE,0,-4,unresolved_by_horizon,,,,135
sl4x4_004,SE,0,-3,unresolved_by_horizon,,,,95
sl4x4_004,SE,0,-2,changed_periodic,,44,1,4
sl4x4_004,SE,0,-1,changed_periodic,,42,1,4
sl4x4_004,SE,0,0,changed_periodic,,40,1,4
sl4x4_004,SE,0,1,changed_periodic,,38,1,4
sl4x4_004,SE,0,2,unresolved_by_horizon,,,,123
sl4x4_004,SE,0,3,unresolved_by_horizon,,,,134
sl4x4_004,SE,0,4,changed_periodic,,187,1,6
sl4x4_004,SE,1,-5,changed_periodic,,204,1,6
sl4x4_004,SE,1,-4,unresolved_by_horizon,,,,144
sl4x4_004,SE,1,-3,unresolved_by_horizon,,,,93
sl4x4_004,SE,1,-2,changed_periodic,,43,1,4
sl4x4_004,SE,1,-1,changed_periodic,,41,1,4
sl4x4_004,SE,1,0,changed_periodic,,39,1,4
sl4x4_004,SE,1,1,changed_periodic,,37,1,4
sl4x4_004,SE,1,2,unresolved_by_horizon,,,,108
sl4x4_004,SE,1,3,unresolved_by_horizon,,,,113
sl4x4_004,SE,1,4,changed_periodic,,186,1,6
sl4x4_004,SE,2,-5,changed_periodic,,203,1,6
sl4x4_004,SE,2,-4,unresolved_by_horizon,,,,141
sl4x4_004,SE,2,-3,unresolved_by_horizon,,,,95
sl4x4_004,SE,2,-2,changed_periodic,,42,1,4
sl4x4_004,SE,2,-1,changed_periodic,,40,1,4
sl4x4_004,SE,2,0,changed_periodic,,38,1,4
sl4x4_004,SE,2,1,changed_periodic,,36,1,4
sl4x4_004,SE,2,2,unresolved_by_horizon,,,,112
sl4x4_004,SE,2,3,unresolved_by_horizon,,,,111
sl4x4_004,SE,2,4,changed_periodic,,185,1,6
sl4x4_004,SE,3,-5,changed_periodic,,202,1,6
sl4x4_004,SE,3,-4,unresolved_by_horizon,,,,144
sl4x4_004,SE,3,-3,unresolved_by_horizon,,,,92
sl4x4_004,SE,3,-2,changed_periodic,,41,1,4
sl4x4_004,SE,3,-1,changed_periodic,,39,1,4
sl4x4_004,SE,3,0,changed_periodic,,37,1,4
sl4x4_004,SE,3,1,changed_periodic,,35,1,4
sl4x4_004,SE,3,2,unresolved_by_horizon,,,,119
sl4x4_004,SE,3,3,unresolved_by_horizon,,,,120
sl4x4_004,SE,3,4,changed_periodic,,184,1,6
sl4x4_004,SW,0,-7,changed_periodic,,225,2,30
sl4x4_004,SW,0,-6,changed_periodic,,204,2,55
sl4x4_004,SW,0,-5,changed_periodic,,42,1,4
sl4x4_004,SW,0,-4,unresolved_by_horizon,,,,9
sl4x4_004,SW,0,-3,changed_periodic,,50,1,0
sl4x4_004,SW,0,-2,changed_periodic,,33,1,0
sl4x4_004,SW,0,-1,changed_periodic,,35,1,0
sl4x4_004,SW,0,0,changed_periodic,,56,1,0
sl4x4_004,SW,0,1,unresolved_by_horizon,,,,9
sl4x4_004,SW,0,2,changed_periodic,,56,1,4
sl4x4_004,SW,0,3,changed_periodic,,222,2,55
sl4x4_004,SW,0,4,changed_periodic,,247,2,30
sl4x4_004,SW,1,-7,changed_periodic,,224,2,30
sl4x4_004,SW,1,-6,changed_periodic,,203,2,55
sl4x4_004,SW,1,-5,changed_periodic,,41,1,4
sl4x4_004,SW,1,-4,unresolved_by_horizon,,,,9
sl4x4_004,SW,1,-3,changed_periodic,,49,1,0
sl4x4_004,SW,1,-2,changed_periodic,,32,1,0
sl4x4_004,SW,1,-1,changed_periodic,,34,1,0
sl4x4_004,SW,1,0,changed_periodic,,55,1,0
sl4x4_004,SW,1,1,unresolved_by_horizon,,,,9
sl4x4_004,SW,1,2,changed_periodic,,55,1,4
sl4x4_004,SW,1,3,changed_periodic,,221,2,55
sl4x4_004,SW,1,4,changed_periodic,,246,2,30
sl4x4_004,SW,2,-7,changed_periodic,,223,2,30
sl4x4_004,SW,2,-6,changed_periodic,,202,2,55
sl4x4_004,SW,2,-5,changed_periodic,,40,1,4
sl4x4_004,SW,2,-4,unresolved_by_horizon,,,,9
sl4x4_004,SW,2,-3,changed_periodic,,48,1,0
sl4x4_004,SW,2,-2,changed_periodic,,31,1,0
sl4x4_004,SW,2,-1,changed_periodic,,33,1,0
sl4x4_004,SW,2,0,changed_periodic,,54,1,0
sl4x4_004,SW,2,1,unresolved_by_horizon,,,,9
sl4x4_004,SW,2,2,changed_periodic,,54,1,4
sl4x4_004,SW,2,3,changed_periodic,,220,2,55
sl4x4_004,SW,2,4,changed_periodic,,245,2,30
sl4x4_004,SW,3,-7,changed_periodic,,222,2,30
sl4x4_004,SW,3,-6,changed_periodic,,201,2,55
sl4x4_004,SW,3,-5,changed_periodic,,39,1,4
sl4x4_004,SW,3,-4,unresolved_by_horizon,,,,9
sl4x4_004,SW,3,-3,changed_periodic,,47,1,0
sl4x4_004,SW,3,-2,changed_periodic,,30,1,0
sl4x4_004,SW,3,-1,changed_periodic,,32,1,0
sl4x4_004,SW,3,0,changed_periodic,,53,1,0
sl4x4_004,SW,3,1,unresolved_by_horizon,,,,9
sl4x4_004,SW,3,2,changed_periodic,,53,1,4
sl4x4_004,SW,3,3,changed_periodic,,219,2,55
sl4x4_004,SW,3,4,changed_periodic,,244,2,30
sl4x4_004,NW,0,-5,changed_periodic,,197,1,6
sl4x4_004,NW,0,-4,unresolved_by_horizon,,,,161
sl4x4_004,NW,0,-3,unresolved_by_horizon,,,,115
sl4x4_004,NW,0,-2,changed_periodic,,36,1,4
sl4x4_004,NW,0,-1,changed_periodic,,34,1,4
sl4x4_004,NW,0,0,changed_periodic,,32,1,4
sl4x4_004,NW,0,1,changed_periodic,,30,1,4
sl4x4_004,NW,0,2,unresolved_by_horizon,,,,128
sl4x4_004,NW,0,3,unresolved_by_horizon,,,,146
sl4x4_004,NW,0,4,changed_periodic,,179,1,6
sl4x4_004,NW,1,-5,changed_periodic,,196,1,6
sl4x4_004,NW,1,-4,unresolved_by_horizon,,,,151
sl4x4_004,NW,1,-3,unresolved_by_horizon,,,,116
sl4x4_004,NW,1,-2,changed_periodic,,35,1,4
sl4x4_004,NW,1,-1,changed_periodic,,33,1,4
sl4x4_004,NW,1,0,changed_periodic,,31,1,4
sl4x4_004,NW,1,1,changed_periodic,,29,1,4
sl4x4_004,NW,1,2,unresolved_by_horizon,,,,138
sl4x4_004,NW,1,3,unresolved_by_horizon,,,,139
sl4x4_004,NW,1,4,changed_periodic,,178,1,6
sl4x4_004,NW,2,-5,changed_periodic,,195,1,6
sl4x4_004,NW,2,-4,unresolved_by_horizon,,,,159
sl4x4_004,NW,2,-3,unresolved_by_horizon,,,,123
sl4x4_004,NW,2,-2,changed_periodic,,34,1,4
sl4x4_004,NW,2,-1,changed_periodic,,32,1,4
sl4x4_004,NW,2,0,changed_periodic,,30,1,4
sl4x4_004,NW,2,1,changed_periodic,,28,1,4
sl4x4_004,NW,2,2,unresolved_by_horizon,,,,142
sl4x4_004,NW,2,3,unresolved_by_horizon,,,,149
sl4x4_004,NW,2,4,changed_periodic,,177,1,6
sl4x4_004,NW,3,-5,changed_periodic,,194,1,6
sl4x4_004,NW,3,-4,unresolved_by_horizon,,,,137
sl4x4_004,NW,3,-3,unresolved_by_horizon,,,,108
sl4x4_004,NW,3,-2,changed_periodic,,33,1,4
sl4x4_004,NW,3,-1,changed_periodic,,31,1,4
sl4x4_004,NW,3,0,changed_periodic,,29,1,4
sl4x4_004,NW,3,1,changed_periodic,,27,1,4
sl4x4_004,NW,3,2,unresolved_by_horizon,,,,141
sl4x4_004,NW,3,3,unresolved_by_horizon,,,,150
sl4x4_004,NW,3,4,changed_periodic,,176,1,6
sl4x4_004,NE,0,-3,changed_periodic,,233,2,30
sl4x4_004,NE,0,-2,changed_periodic,,212,2,55
sl4x4_004,NE,0,-1,changed_periodic,,50,1,4
sl4x4_004,NE,0,0,unresolved_by_horizon,,,,9
sl4x4_004,NE,0,1,changed_periodic,,58,1,0
sl4x4_004,NE,0,2,changed_periodic,,41,1,0
sl4x4_004,NE,0,3,changed_periodic,,43,1,0
sl4x4_004,NE,0,4,changed_periodic,,64,1,0
sl4x4_004,NE,0,5,unresolved_by_horizon,,,,9
sl4x4_004,NE,0,6,changed_periodic,,64,1,4
sl4x4_004,NE,0,7,changed_periodic,,230,2,55
sl4x4_004,NE,0,8,changed_periodic,,255,2,30
sl4x4_004,NE,1,-3,changed_periodic,,232,2,30
sl4x4_004,NE,1,-2,changed_periodic,,211,2,55
sl4x4_004,NE,1,-1,changed_periodic,,49,1,4
sl4x4_004,NE,1,0,unresolved_by_horizon,,,,9
sl4x4_004,NE,1,1,changed_periodic,,57,1,0
sl4x4_004,NE,1,2,changed_periodic,,40,1,0
sl4x4_004,NE,1,3,changed_periodic,,42,1,0
sl4x4_004,NE,1,4,changed_periodic,,63,1,0
sl4x4_004,NE,1,5,unresolved_by_horizon,,,,9
sl4x4_004,NE,1,6,changed_periodic,,63,1,4
sl4x4_004,NE,1,7,changed_periodic,,229,2,55
sl4x4_004,NE,1,8,changed_periodic,,254,2,30
sl4x4_004,NE,2,-3,changed_periodic,,231,2,30
sl4x4_004,NE,2,-2,changed_periodic,,210,2,55
sl4x4_004,NE,2,-1,changed_periodic,,48,1,4
sl4x4_004,NE,2,0,unresolved_by_horizon,,,,9
sl4x4_004,NE,2,1,changed_periodic,,56,1,0
sl4x4_004,NE,2,2,changed_periodic,,39,1,0
sl4x4_004,NE,2,3,changed_periodic,,41,1,0
sl4x4_004,NE,2,4,changed_periodic,,62,1,0
sl4x4_004,NE,2,5,unresolved_by_horizon,,,,9
sl4x4_004,NE,2,6,changed_periodic,,62,1,4
sl4x4_004,NE,2,7,changed_periodic,,228,2,55
sl4x4_004,NE,2,8,changed_periodic,,253,2,30
sl4x4_004,NE,3,-3,changed_periodic,,230,2,30
sl4x4_004,NE,3,-2,changed_periodic,,209,2,55
sl4x4_004,NE,3,-1,changed_periodic,,47,1,4
sl4x4_004,NE,3,0,unresolved_by_horizon,,,,9
sl4x4_004,NE,3,1,changed_periodic,,55,1,0
sl4x4_004,NE,3,2,changed_periodic,,38,1,0
sl4x4_004,NE,3,3,changed_periodic,,40,1,0
sl4x4_004,NE,3,4,changed_periodic,,61,1,0
sl4x4_004,NE,3,5,unresolved_by_horizon,,,,9
sl4x4_004,NE,3,6,changed_periodic,,61,1,4
sl4x4_004,NE,3,7,changed_periodic,,227,2,55
sl4x4_004,NE,3,8,changed_periodic,,252,2,30
sl4x4_005,SE,0,-5,changed_periodic,,56,1,12
sl4x4_005,SE,0,-4,unresolved_by_horizon,,,,150
sl4x4_005,SE,0,-3,changed_periodic,,51,1,4
sl4x4_005,SE,0,-2,changed_periodic,,59,1,24
sl4x4_005,SE,0,-1,changed_periodic,,67,2,12
sl4x4_005,SE,0,0,changed_periodic,,141,2,15
sl4x4_005,SE,0,1,unresolved_by_horizon,,,,9
sl4x4_005,SE,0,2,changed_periodic,,52,2,12
sl4x4_005,SE,0,3,changed_periodic,,68,2,7
sl4x4_005,SE,0,4,changed_periodic,,38,1,12
sl4x4_005,SE,0,5,unresolved_by_horizon,,,,108
sl4x4_005,SE,1,-5,changed_periodic,,55,1,12
sl4x4_005,SE,1,-4,unresolved_by_horizon,,,,176
sl4x4_005,SE,1,-3,changed_periodic,,50,1,4
sl4x4_005,SE,1,-2,changed_periodic,,58,1,24
sl4x4_005,SE,1,-1,changed_periodic,,66,2,12
sl4x4_005,SE,1,0,changed_periodic,,140,2,15
sl4x4_005,SE,1,1,unresolved_by_horizon,,,,9
sl4x4_005,SE,1,2,changed_periodic,,51,2,12
sl4x4_005,SE,1,3,changed_periodic,,67,2,7
sl4x4_005,SE,1,4,changed_periodic,,37,1,12
sl4x4_005,SE,1,5,unresolved_by_horizon,,,,109
sl4x4_005,SE,2,-5,changed_periodic,,54,1,12
sl4x4_005,SE,2,-4,unresolved_by_horizon,,,,147
sl4x4_005,SE,2,-3,changed_periodic,,49,1,4
sl4x4_005,SE,2,-2,changed_periodic,,57,1,24
sl4x4_005,SE,2,-1,changed_periodic,,65,2,12
sl4x4_005,SE,2,0,changed_periodic,,139,2,15
sl4x4_005,SE,2,1,unresolved_by_horizon,,,,9
sl4x4_005,SE,2,2,changed_periodic,,50,2,12
sl4x4_005,SE,2,3,changed_periodic,,66,2,7
sl4x4_005,SE,2,4,changed_periodic,,36,1,12
sl4x4_005,SE,2,5,unresolved_by_horizon,,,,102
sl4x4_005,SE,3,-5,changed_periodic,,53,1,12
sl4x4_005,SE,3,-4,unresolved_by_horizon,,,,154
sl4x4_005,SE,3,-3,changed_periodic,,48,1,4
sl4x4_005,SE,3,-2,changed_periodic,,56,1,24
sl4x4_005,SE,3,-1,changed_periodic,,64,2,12
sl4x4_005,SE,3,0,changed_periodic,,138,2,15
sl4x4_005,SE,3,1,unresolved_by_horizon,,,,9
sl4x4_005,SE,3,2,changed_periodic,,49,2,12
sl4x4_005,SE,3,3,changed_periodic,,65,2,7
sl4x4_005,SE,3,4,changed_periodic,,35,1,12
sl4x4_005,SE,3,5,unresolved_by_horizon,,,,110
sl4x4_005,SW,0,-8,changed_periodic,,30,1,12
sl4x4_005,SW,0,-7,unresolved_by_horizon,,,,140
sl4x4_005,SW,0,-6,changed_periodic,,52,2,12
sl4x4_005,SW,0,-5,unresolved_by_horizon,,,,5
sl4x4_005,SW,0,-4,changed_periodic,,82,1,19
sl4x4_005,SW,0,-3,changed_periodic,,33,1,0
sl4x4_005,SW,0,-2,changed_periodic,,38,1,7
sl4x4_005,SW,0,-1,changed_periodic,,49,1,0
sl4x4_005,SW,0,0,changed_periodic,,84,1,19
sl4x4_005,SW,0,1,changed_periodic,,55,2,3
sl4x4_005,SW,0,2,changed_periodic,,41,1,11
sl4x4_005,SW,0,3,unresolved_by_horizon,,,,202
sl4x4_005,SW,0,4,changed_periodic,,52,1,12
sl4x4_005,SW,1,-8,changed_periodic,,29,1,12
sl4x4_005,SW,1,-7,unresolved_by_horizon,,,,128
sl4x4_005,SW,1,-6,changed_periodic,,51,2,12
sl4x4_005,SW,1,-5,unresolved_by_horizon,,,,5
sl4x4_005,SW,1,-4,changed_periodic,,81,1,19
sl4x4_005,SW,1,-3,changed_periodic,,32,1,0
sl4x4_005,SW,1,-2,changed_periodic,,37,1,7
sl4x4_005,SW,1,-1,changed_periodic,,48,1,0
sl4x4_005,SW,1,0,changed_periodic,,83,1,19
sl4x4_005,SW,1,1,changed_periodic,,54,2,3
sl4x4_005,SW,1,2,changed_periodic,,40,1,11
sl4x4_005,SW,1,3,unresolved_by_horizon,,,,211
sl4x4_005,SW,1,4,changed_periodic,,51,1,12
sl4x4_005,SW,2,-8,changed_periodic,,28,1,12
sl4x4_005,SW,2,-7,unresolved_by_horizon,,,,119
sl4x4_005,SW,2,-6,changed_periodic,,50,2,12
sl4x4_005,SW,2,-5,unresolved_by_horizon,,,,5
sl4x4_005,SW,2,-4,changed_periodic,,80,1,19
sl4x4_005,SW,2,-3,changed_periodic,,31,1,0
sl4x4_005,SW,2,-2,changed_periodic,,36,1,7
sl4x4_005,SW,2,-1,changed_periodic,,47,1,0
sl4x4_005,SW,2,0,changed_periodic,,82,1,19
sl4x4_005,SW,2,1,changed_periodic,,53,2,3
sl4x4_005,SW,2,2,changed_periodic,,39,1,11
sl4x4_005,SW,2,3,unresolved_by_horizon,,,,208
sl4x4_005,SW,2,4,changed_periodic,,50,1,12
sl4x4_005,SW,3,-8,changed_periodic,,27,1,12
sl4x4_005,SW,3,-7,unresolved_by_horizon,,,,98
sl4x4_005,SW,3,-6,changed_periodic,,49,2,12
sl4x4_005,SW,3,-5,unresolved_by_horizon,,,,5
sl4x4_005,SW,3,-4,changed_periodic,,79,1,19
sl4x4_005,SW,3,-3,changed_periodic,,30,1,0
sl4x4_005,SW,3,-2,changed_periodic,,35,1,7
sl4x4_005,SW,3,-1,changed_periodic,,46,1,0
sl4x4_005,SW,3,0,changed_periodic,,81,1,19
sl4x4_005,SW,3,1,changed_periodic,,52,2,3
sl4x4_005,SW,3,2,changed_periodic,,38,1,11
sl4x4_005,SW,3,3,unresolved_by_horizon,,,,235
sl4x4_005,SW,3,4,changed_periodic,,49,1,12
sl4x4_005,NW,0,-6,changed_periodic,,48,1,12
sl4x4_005,NW,0,-5,unresolved_by_horizon,,,,173
sl4x4_005,NW,0,-4,changed_periodic,,43,1,4
sl4x4_005,NW,0,-3,changed_periodic,,51,1,24
sl4x4_005,NW,0,-2,changed_periodic,,59,2,12
sl4x4_005,NW,0,-1,changed_periodic,,133,2,15
sl4x4_005,NW,0,0,unresolved_by_horizon,,,,9
sl4x4_005,NW,0,1,changed_periodic,,44,2,12
sl4x4_005,NW,0,2,changed_periodic,,60,2,7
sl4x4_005,NW,0,3,changed_periodic,,30,1,12
sl4x4_005,NW,0,4,unresolved_by_horizon,,,,109
sl4x4_005,NW,1,-6,changed_periodic,,47,1,12
sl4x4_005,NW,1,-5,unresolved_by_horizon,,,,162
sl4x4_005,NW,1,-4,changed_periodic,,42,1,4
sl4x4_005,NW,1,-3,changed_periodic,,50,1,24
sl4x4_005,NW,1,-2,changed_periodic,,58,2,12
sl4x4_005,NW,1,-1,changed_periodic,,132,2,15
sl4x4_005,NW,1,0,unresolved_by_horizon,,,,9
sl4x4_005,NW,1,1,changed_periodic,,43,2,12
sl4x4_005,NW,1,2,changed_periodic,,59,2,7
sl4x4_005,NW,1,3,changed_periodic,,29,1,12
sl4x4_005,NW,1,4,unresolved_by_horizon,,,,105
sl4x4_005,NW,2,-6,changed_periodic,,46,1,12
sl4x4_005,NW,2,-5,unresolved_by_horizon,,,,168
sl4x4_005,NW,2,-4,changed_periodic,,41,1,4
sl4x4_005,NW,2,-3,changed_periodic,,49,1,24
sl4x4_005,NW,2,-2,changed_periodic,,57,2,12
sl4x4_005,NW,2,-1,changed_periodic,,131,2,15
sl4x4_005,NW,2,0,unresolved_by_horizon,,,,9
sl4x4_005,NW,2,1,changed_periodic,,42,2,12
sl4x4_005,NW,2,2,changed_periodic,,58,2,7
sl4x4_005,NW,2,3,changed_periodic,,28,1,12
sl4x4_005,NW,2,4,unresolved_by_horizon,,,,128
sl4x4_005,NW,3,-6,changed_periodic,,45,1,12
sl4x4_005,NW,3,-5,unresolved_by_horizon,,,,178
sl4x4_005,NW,3,-4,changed_periodic,,40,1,4
sl4x4_005,NW,3,-3,changed_periodic,,48,1,24
sl4x4_005,NW,3,-2,changed_periodic,,56,2,12
sl4x4_005,NW,3,-1,changed_periodic,,130,2,15
sl4x4_005,NW,3,0,unresolved_by_horizon,,,,9
sl4x4_005,NW,3,1,changed_periodic,,41,2,12
sl4x4_005,NW,3,2,changed_periodic,,57,2,7
sl4x4_005,NW,3,3,changed_periodic,,27,1,12
sl4x4_005,NW,3,4,unresolved_by_horizon,,,,105
sl4x4_005,NE,0,-3,changed_periodic,,38,1,12
sl4x4_005,NE,0,-2,unresolved_by_horizon,,,,156
sl4x4_005,NE,0,-1,changed_periodic,,60,2,12
sl4x4_005,NE,0,0,unresolved_by_horizon,,,,5
sl4x4_005,NE,0,1,changed_periodic,,90,1,19
sl4x4_005,NE,0,2,changed_periodic,,41,1,0
sl4x4_005,NE,0,3,changed_periodic,,46,1,7
sl4x4_005,NE,0,4,changed_periodic,,57,1,0
sl4x4_005,NE,0,5,changed_periodic,,92,1,19
sl4x4_005,NE,0,6,changed_periodic,,63,2,3
sl4x4_005,NE,0,7,changed_periodic,,49,1,11
sl4x4_005,NE,0,8,unresolved_by_horizon,,,,166
sl4x4_005,NE,0,9,changed_periodic,,60,1,12
sl4x4_005,NE,1,-3,changed_periodic,,37,1,12
sl4x4_005,NE,1,-2,unresolved_by_horizon,,,,143
sl4x4_005,NE,1,-1,changed_periodic,,59,2,12
sl4x4_005,NE,1,0,unresolved_by_horizon,,,,5
sl4x4_005,NE,1,1,changed_periodic,,89,1,19
sl4x4_005,NE,1,2,changed_periodic,,40,1,0
sl4x4_005,NE,1,3,changed_periodic,,45,1,7
sl4x4_005,NE,1,4,changed_periodic,,56,1,0
sl4x4_005,NE,1,5,changed_periodic,,91,1,19
sl4x4_005,NE,1,6,changed_periodic,,62,2,3
sl4x4_005,NE,1,7,changed_periodic,,48,1,11
sl4x4_005,NE,1,8,unresolved_by_horizon,,,,183
sl4x4_005,NE,1,9,changed_periodic,,59,1,12
sl4x4_005,NE,2,-3,changed_periodic,,36,1,12
sl4x4_005,NE,2,-2,unresolved_by_horizon,,,,151
sl4x4_005,NE,2,-1,changed_periodic,,58,2,12
sl4x4_005,NE,2,0,unresolved_by_horizon,,,,5
sl4x4_005,NE,2,1,changed_periodic,,88,1,19
sl4x4_005,NE,2,2,changed_periodic,,39,1,0
sl4x4_005,NE,2,3,changed_periodic,,44,1,7
sl4x4_005,NE,2,4,changed_periodic,,55,1,0
sl4x4_005,NE,2,5,changed_periodic,,90,1,19
sl4x4_005,NE,2,6,changed_periodic,,61,2,3
sl4x4_005,NE,2,7,changed_periodic,,47,1,11
sl4x4_005,NE,2,8,unresolved_by_horizon,,,,186
sl4x4_005,NE,2,9,changed_periodic,,58,1,12
sl4x4_005,NE,3,-3,changed_periodic,,35,1,12
sl4x4_005,NE,3,-2,unresolved_by_horizon,,,,135
sl4x4_005,NE,3,-1,changed_periodic,,57,2,12
sl4x4_005,NE,3,0,unresolved_by_horizon,,,,5
sl4x4_005,NE,3,1,changed_periodic,,87,1,19
sl4x4_005,NE,3,2,changed_periodic,,38,1,0
sl4x4_005,NE,3,3,changed_periodic,,43,1,7
sl4x4_005,NE,3,4,changed_periodic,,54,1,0
sl4x4_005,NE,3,5,changed_periodic,,89,1,19
sl4x4_005,NE,3,6,changed_periodic,,60,2,3
sl4x4_005,NE,3,7,changed_periodic,,46,1,11
sl4x4_005,NE,3,8,unresolved_by_horizon,,,,202
sl4x4_005,NE,3,9,changed_periodic,,57,1,12
sl4x4_006,SE,0,-5,changed_periodic,,57,1,0
sl4x4_006,SE,0,-4,changed_periodic,,53,1,0
sl4x4_006,SE,0,-3,changed_periodic,,54,1,4
sl4x4_006,SE,0,-2,unresolved_by_horizon,,,,149
sl4x4_006,SE,0,-1,changed_periodic,,44,1,0
sl4x4_006,SE,0,0,changed_periodic,,62,1,24
sl4x4_006,SE,0,1,changed_periodic,,80,2,12
sl4x4_006,SE,0,2,unresolved_by_horizon,,,,108
sl4x4_006,SE,0,3,unresolved_by_horizon,,,,33
sl4x4_006,SE,0,4,changed_periodic,,212,2,55
sl4x4_006,SE,0,5,changed_periodic,,38,1,12
sl4x4_006,SE,1,-5,changed_periodic,,56,1,0
sl4x4_006,SE,1,-4,changed_periodic,,52,1,0
sl4x4_006,SE,1,-3,changed_periodic,,53,1,4
sl4x4_006,SE,1,-2,unresolved_by_horizon,,,,142
sl4x4_006,SE,1,-1,changed_periodic,,43,1,0
sl4x4_006,SE,1,0,changed_periodic,,61,1,24
sl4x4_006,SE,1,1,changed_periodic,,79,2,12
sl4x4_006,SE,1,2,unresolved_by_horizon,,,,101
sl4x4_006,SE,1,3,unresolved_by_horizon,,,,33
sl4x4_006,SE,1,4,changed_periodic,,211,2,55
sl4x4_006,SE,1,5,changed_periodic,,37,1,12
sl4x4_006,SE,2,-5,changed_periodic,,55,1,0
sl4x4_006,SE,2,-4,changed_periodic,,51,1,0
sl4x4_006,SE,2,-3,changed_periodic,,52,1,4
sl4x4_006,SE,2,-2,unresolved_by_horizon,,,,147
sl4x4_006,SE,2,-1,changed_periodic,,42,1,0
sl4x4_006,SE,2,0,changed_periodic,,60,1,24
sl4x4_006,SE,2,1,changed_periodic,,78,2,12
sl4x4_006,SE,2,2,unresolved_by_horizon,,,,109
sl4x4_006,SE,2,3,unresolved_by_horizon,,,,33
sl4x4_006,SE,2,4,changed_periodic,,210,2,55
sl4x4_006,SE,2,5,changed_periodic,,36,1,12
sl4x4_006,SE,3,-5,changed_periodic,,54,1,0
sl4x4_006,SE,3,-4,changed_periodic,,50,1,0
sl4x4_006,SE,3,-3,changed_periodic,,51,1,4
sl4x4_006,SE,3,-2,unresolved_by_horizon,,,,147
sl4x4_006,SE,3,-1,changed_periodic,,41,1,0
sl4x4_006,SE,3,0,changed_periodic,,59,1,24
sl4x4_006,SE,3,1,changed_periodic,,77,2,12
sl4x4_006,SE,3,2,unresolved_by_horizon,,,,109
sl4x4_006,SE,3,3,unresolved_by_horizon,,,,33
sl4x4_006,SE,3,4,changed_periodic,,209,2,55
sl4x4_006,SE,3,5,changed_periodic,,35,1,12
sl4x4_006,SW,0,-7,changed_periodic,,30,1,12
sl4x4_006,SW,0,-6,changed_periodic,,204,2,55
sl4x4_006,SW,0,-5,unresolved_by_horizon,,,,33
sl4x4_006,SW,0,-4,unresolved_by_horizon,,,,113
sl4x4_006,SW,0,-3,changed_periodic,,72,2,12
sl4x4_006,SW,0,-2,changed_periodic,,54,1,24
sl4x4_006,SW,0,-1,changed_periodic,,36,1,0
sl4x4_006,SW,0,0,unresolved_by_horizon,,,,132
sl4x4_006,SW,0,1,changed_periodic,,46,1,4
sl4x4_006,SW,0,2,changed_periodic,,45,1,0
sl4x4_006,SW,0,3,changed_periodic,,49,1,0
sl4x4_006,SW,1,-7,changed_periodic,,29,1,12
sl4x4_006,SW,1,-6,changed_periodic,,203,2,55
sl4x4_006,SW,1,-5,unresolved_by_horizon,,,,33
sl4x4_006,SW,1,-4,unresolved_by_horizon,,,,127
sl4x4_006,SW,1,-3,changed_periodic,,71,2,12
sl4x4_006,SW,1,-2,changed_periodic,,53,1,24
sl4x4_006,SW,1,-1,changed_periodic,,35,1,0
sl4x4_006,SW,1,0,unresolved_by_horizon,,,,131
sl4x4_006,SW,1,1,changed_periodic,,45,1,4
sl4x4_006,SW,1,2,changed_periodic,,44,1,0
sl4x4_006,SW,1,3,changed_periodic,,48,1,0
sl4x4_006,SW,2,-7,changed_periodic,,28,1,12
sl4x4_006,SW,2,-6,changed_periodic,,202,2,55
sl4x4_006,SW,2,-5,unresolved_by_horizon,,,,33
sl4x4_006,SW,2,-4,unresolved_by_horizon,,,,126
sl4x4_006,SW,2,-3,changed_periodic,,70,2,12
sl4x4_006,SW,2,-2,changed_periodic,,52,1,24
sl4x4_006,SW,2,-1,changed_periodic,,34,1,0
sl4x4_006,SW,2,0,unresolved_by_horizon,,,,122
sl4x4_006,SW,2,1,changed_periodic,,44,1,4
sl4x4_006,SW,2,2,changed_periodic,,43,1,0
sl4x4_006,SW,2,3,changed_periodic,,47,1,0
sl4x4_006,SW,3,-7,changed_periodic,,27,1,12
sl4x4_006,SW,3,-6,changed_periodic,,201,2,55
sl4x4_006,SW,3,-5,unresolved_by_horizon,,,,33
sl4x4_006,SW,3,-4,unresolved_by_horizon,,,,130
sl4x4_006,SW,3,-3,changed_periodic,,69,2,12
sl4x4_006,SW,3,-2,changed_periodic,,51,1,24
sl4x4_006,SW,3,-1,changed_periodic,,33,1,0
sl4x4_006,SW,3,0,unresolved_by_horizon,,,,143
sl4x4_006,SW,3,1,changed_periodic,,43,1,4
sl4x4_006,SW,3,2,changed_periodic,,42,1,0
sl4x4_006,SW,3,3,changed_periodic,,46,1,0
sl4x4_006,NW,0,-6,changed_periodic,,49,1,0
sl4x4_006,NW,0,-5,changed_periodic,,45,1,0
sl4x4_006,NW,0,-4,changed_periodic,,46,1,4
sl4x4_006,NW,0,-3,unresolved_by_horizon,,,,132
sl4x4_006,NW,0,-2,changed_periodic,,36,1,0
sl4x4_006,NW,0,-1,changed_periodic,,54,1,24
sl4x4_006,NW,0,0,changed_periodic,,72,2,12
sl4x4_006,NW,0,1,unresolved_by_horizon,,,,113
sl4x4_006,NW,0,2,unresolved_by_horizon,,,,33
sl4x4_006,NW,0,3,changed_periodic,,204,2,55
sl4x4_006,NW,0,4,changed_periodic,,30,1,12
sl4x4_006,NW,1,-6,changed_periodic,,48,1,0
sl4x4_006,NW,1,-5,changed_periodic,,44,1,0
sl4x4_006,NW,1,-4,changed_periodic,,45,1,4
sl4x4_006,NW,1,-3,unresolved_by_horizon,,,,131
sl4x4_006,NW,1,-2,changed_periodic,,35,1,0
sl4x4_006,NW,1,-1,changed_periodic,,53,1,24
sl4x4_006,NW,1,0,changed_periodic,,71,2,12
sl4x4_006,NW,1,1,unresolved_by_horizon,,,,127
sl4x4_006,NW,1,2,unresolved_by_horizon,,,,33
sl4x4_006,NW,1,3,changed_periodic,,203,2,55
sl4x4_006,NW,1,4,changed_periodic,,29,1,12
sl4x4_006,NW,2,-6,changed_periodic,,47,1,0
sl4x4_006,NW,2,-5,changed_periodic,,43,1,0
sl4x4_006,NW,2,-4,changed_periodic,,44,1,4
sl4x4_006,NW,2,-3,unresolved_by_horizon,,,,122
sl4x4_006,NW,2,-2,changed_periodic,,34,1,0
sl4x4_006,NW,2,-1,changed_periodic,,52,1,24
sl4x4_006,NW,2,0,changed_periodic,,70,2,12
sl4x4_006,NW,2,1,unresolved_by_horizon,,,,126
sl4x4_006,NW,2,2,unresolved_by_horizon,,,,33
sl4x4_006,NW,2,3,changed_periodic,,202,2,55
sl4x4_006,NW,2,4,changed_periodic,,28,1,12
sl4x4_006,NW,3,-6,changed_periodic,,46,1,0
sl4x4_006,NW,3,-5,changed_periodic,,42,1,0
sl4x4_006,NW,3,-4,changed_periodic,,43,1,4
sl4x4_006,NW,3,-3,unresolved_by_horizon,,,,143
sl4x4_006,NW,3,-2,changed_periodic,,33,1,0
sl4x4_006,NW,3,-1,changed_periodic,,51,1,24
sl4x4_006,NW,3,0,changed_periodic,,69,2,12
sl4x4_006,NW,3,1,unresolved_by_horizon,,,,130
sl4x4_006,NW,3,2,unresolved_by_horizon,,,,33
sl4x4_006,NW,3,3,changed_periodic,,201,2,55
sl4x4_006,NW,3,4,changed_periodic,,27,1,12
sl4x4_006,NE,0,-2,changed_periodic,,38,1,12
sl4x4_006,NE,0,-1,changed_periodic,,212,2,55
sl4x4_006,NE,0,0,unresolved_by_horizon,,,,33
sl4x4_006,NE,0,1,unresolved_by_horizon,,,,108
sl4x4_006,NE,0,2,changed_periodic,,80,2,12
sl4x4_006,NE,0,3,changed_periodic,,62,1,24
sl4x4_006,NE,0,4,changed_periodic,,44,1,0
sl4x4_006,NE,0,5,unresolved_by_horizon,,,,149
sl4x4_006,NE,0,6,changed_periodic,,54,1,4
sl4x4_006,NE,0,7,changed_periodic,,53,1,0
sl4x4_006,NE,0,8,changed_periodic,,57,1,0
sl4x4_006,NE,1,-2,changed_periodic,,37,1,12
sl4x4_006,NE,1,-1,changed_periodic,,211,2,55
sl4x4_006,NE,1,0,unresolved_by_horizon,,,,33
sl4x4_006,NE,1,1,unresolved_by_horizon,,,,101
sl4x4_006,NE,1,2,changed_periodic,,79,2,12
sl4x4_006,NE,1,3,changed_periodic,,61,1,24
sl4x4_006,NE,1,4,changed_periodic,,43,1,0
sl4x4_006,NE,1,5,unresolved_by_horizon,,,,142
sl4x4_006,NE,1,6,changed_periodic,,53,1,4
sl4x4_006,NE,1,7,changed_periodic,,52,1,0
sl4x4_006,NE,1,8,changed_periodic,,56,1,0
sl4x4_006,NE,2,-2,changed_periodic,,36,1,12
sl4x4_006,NE,2,-1,changed_periodic,,210,2,55
sl4x4_006,NE,2,0,unresolved_by_horizon,,,,33
sl4x4_006,NE,2,1,unresolved_by_horizon,,,,109
sl4x4_006,NE,2,2,changed_periodic,,78,2,12
sl4x4_006,NE,2,3,changed_periodic,,60,1,24
sl4x4_006,NE,2,4,changed_periodic,,42,1,0
sl4x4_006,NE,2,5,unresolved_by_horizon,,,,147
sl4x4_006,NE,2,6,changed_periodic,,52,1,4
sl4x4_006,NE,2,7,changed_periodic,,51,1,0
sl4x4_006,NE,2,8,changed_periodic,,55,1,0
sl4x4_006,NE,3,-2,changed_periodic,,35,1,12
sl4x4_006,NE,3,-1,changed_periodic,,209,2,55
sl4x4_006,NE,3,0,unresolved_by_horizon,,,,33
sl4x4_006,NE,3,1,unresolved_by_horizon,,,,109
sl4x4_006,NE,3,2,changed_periodic,,77,2,12
sl4x4_006,NE,3,3,changed_periodic,,59,1,24
sl4x4_006,NE,3,4,changed_periodic,,41,1,0
sl4x4_006,NE,3,5,unresolved_by_horizon,,,,147
sl4x4_006,NE,3,6,changed_periodic,,51,1,4
sl4x4_006,NE,3,7,changed_periodic,,50,1,0
sl4x4_006,NE,3,8,changed_periodic,,54,1,0
sl4x4_007,SE,0,-5,changed_periodic,,100,1,6
sl4x4_007,SE,0,-4,changed_periodic,,51,1,7
sl4x4_007,SE,0,-3,changed_periodic,,58,1,0
sl4x4_007,SE,0,-2,changed_periodic,,59,1,4
sl4x4_007,SE,0,-1,changed_periodic,,50,1,4
sl4x4_007,SE,0,0,changed_periodic,,48,1,4
sl4x4_007,SE,0,1,changed_periodic,,53,1,4
sl4x4_007,SE,0,2,changed_periodic,,48,1,0
sl4x4_007,SE,0,3,changed_periodic,,37,1,7
sl4x4_007,SE,0,4,changed_periodic,,82,1,6
sl4x4_007,SE,1,-5,changed_periodic,,99,1,6
sl4x4_007,SE,1,-4,changed_periodic,,50,1,7
sl4x4_007,SE,1,-3,changed_periodic,,57,1,0
sl4x4_007,SE,1,-2,changed_periodic,,58,1,4
sl4x4_007,SE,1,-1,changed_periodic,,49,1,4
sl4x4_007,SE,1,0,changed_periodic,,47,1,4
sl4x4_007,SE,1,1,changed_periodic,,52,1,4
sl4x4_007,SE,1,2,changed_periodic,,47,1,0
sl4x4_007,SE,1,3,changed_periodic,,36,1,7
sl4x4_007,SE,1,4,changed_periodic,,81,1,6
sl4x4_007,SE,2,-5,changed_periodic,,98,1,6
sl4x4_007,SE,2,-4,changed_periodic,,49,1,7
sl4x4_007,SE,2,-3,changed_periodic,,56,1,0
sl4x4_007,SE,2,-2,changed_periodic,,57,1,4
sl4x4_007,SE,2,-1,changed_periodic,,48,1,4
sl4x4_007,SE,2,0,changed_periodic,,46,1,4
sl4x4_007,SE,2,1,changed_periodic,,51,1,4
sl4x4_007,SE,2,2,changed_periodic,,46,1,0
sl4x4_007,SE,2,3,changed_periodic,,35,1,7
sl4x4_007,SE,2,4,changed_periodic,,80,1,6
sl4x4_007,SE,3,-5,changed_periodic,,97,1,6
sl4x4_007,SE,3,-4,changed_periodic,,48,1,7
sl4x4_007,SE,3,-3,changed_periodic,,55,1,0
sl4x4_007,SE,3,-2,changed_periodic,,56,1,4
sl4x4_007,SE,3,-1,changed_periodic,,47,1,4
sl4x4_007,SE,3,0,changed_periodic,,45,1,4
sl4x4_007,SE,3,1,changed_periodic,,50,1,4
sl4x4_007,SE,3,2,changed_periodic,,45,1,0
sl4x4_007,SE,3,3,changed_periodic,,34,1,7
sl4x4_007,SE,3,4,changed_periodic,,79,1,6
sl4x4_007,SW,0,-8,changed_periodic,,25,1,7
sl4x4_007,SW,0,-7,changed_periodic,,70,1,6
sl4x4_007,SW,0,-6,changed_periodic,,29,1,0
sl4x4_007,SW,0,-5,changed_periodic,,58,2,10
sl4x4_007,SW,0,-4,changed_periodic,,29,1,4
sl4x4_007,SW,0,-3,changed_periodic,,179,1,0
sl4x4_007,SW,0,-2,changed_periodic,,181,1,0
sl4x4_007,SW,0,-1,changed_periodic,,35,1,4
sl4x4_007,SW,0,0,changed_periodic,,68,2,10
sl4x4_007,SW,0,1,changed_periodic,,43,1,0
sl4x4_007,SW,0,2,changed_periodic,,88,1,6
sl4x4_007,SW,0,3,changed_periodic,,47,1,7
sl4x4_007,SW,1,-8,changed_periodic,,24,1,7
sl4x4_007,SW,1,-7,changed_periodic,,69,1,6
sl4x4_007,SW,1,-6,changed_periodic,,28,1,0
sl4x4_007,SW,1,-5,changed_periodic,,57,2,10
sl4x4_007,SW,1,-4,changed_periodic,,28,1,4
sl4x4_007,SW,1,-3,changed_periodic,,178,1,0
sl4x4_007,SW,1,-2,changed_periodic,,180,1,0
sl4x4_007,SW,1,-1,changed_periodic,,34,1,4
sl4x4_007,SW,1,0,changed_periodic,,67,2,10
sl4x4_007,SW,1,1,changed_periodic,,42,1,0
sl4x4_007,SW,1,2,changed_periodic,,87,1,6
sl4x4_007,SW,1,3,changed_periodic,,46,1,7
sl4x4_007,SW,2,-8,changed_periodic,,23,1,7
sl4x4_007,SW,2,-7,changed_periodic,,68,1,6
sl4x4_007,SW,2,-6,changed_periodic,,27,1,0
sl4x4_007,SW,2,-5,changed_periodic,,56,2,10
sl4x4_007,SW,2,-4,changed_periodic,,27,1,4
sl4x4_007,SW,2,-3,changed_periodic,,177,1,0
sl4x4_007,SW,2,-2,changed_periodic,,179,1,0
sl4x4_007,SW,2,-1,changed_periodic,,33,1,4
sl4x4_007,SW,2,0,changed_periodic,,66,2,10
sl4x4_007,SW,2,1,changed_periodic,,41,1,0
sl4x4_007,SW,2,2,changed_periodic,,86,1,6
sl4x4_007,SW,2,3,changed_periodic,,45,1,7
sl4x4_007,SW,3,-8,changed_periodic,,38,1,7
sl4x4_007,SW,3,-7,changed_periodic,,83,1,6
sl4x4_007,SW,3,-6,changed_periodic,,42,1,0
sl4x4_007,SW,3,-5,changed_periodic,,71,2,10
sl4x4_007,SW,3,-4,changed_periodic,,42,1,4
sl4x4_007,SW,3,-3,changed_periodic,,192,1,0
sl4x4_007,SW,3,-2,changed_periodic,,194,1,0
sl4x4_007,SW,3,-1,changed_periodic,,48,1,4
sl4x4_007,SW,3,0,changed_periodic,,81,2,10
sl4x4_007,SW,3,1,changed_periodic,,56,1,0
sl4x4_007,SW,3,2,changed_periodic,,101,1,6
sl4x4_007,SW,3,3,changed_periodic,,60,1,7
sl4x4_007,NW,0,-5,changed_periodic,,88,1,6
sl4x4_007,NW,0,-4,changed_periodic,,39,1,7
sl4x4_007,NW,0,-3,changed_periodic,,46,1,0
sl4x4_007,NW,0,-2,changed_periodic,,47,1,4
sl4x4_007,NW,0,-1,changed_periodic,,38,1,4
sl4x4_007,NW,0,0,changed_periodic,,36,1,4
sl4x4_007,NW,0,1,changed_periodic,,41,1,4
sl4x4_007,NW,0,2,changed_periodic,,36,1,0
sl4x4_007,NW,0,3,changed_periodic,,25,1,7
sl4x4_007,NW,0,4,changed_periodic,,70,1,6
sl4x4_007,NW,1,-5,changed_periodic,,87,1,6
sl4x4_007,NW,1,-4,changed_periodic,,38,1,7
sl4x4_007,NW,1,-3,changed_periodic,,45,1,0
sl4x4_007,NW,1,-2,changed_periodic,,46,1,4
sl4x4_007,NW,1,-1,changed_periodic,,37,1,4
sl4x4_007,NW,1,0,changed_periodic,,35,1,4
sl4x4_007,NW,1,1,changed_periodic,,40,1,4
sl4x4_007,NW,1,2,changed_periodic,,35,1,0
sl4x4_007,NW,1,3,changed_periodic,,24,1,7
sl4x4_007,NW,1,4,changed_periodic,,69,1,6
sl4x4_007,NW,2,-5,changed_periodic,,86,1,6
sl4x4_007,NW,2,-4,changed_periodic,,37,1,7
sl4x4_007,NW,2,-3,changed_periodic,,44,1,0
sl4x4_007,NW,2,-2,changed_periodic,,45,1,4
sl4x4_007,NW,2,-1,changed_periodic,,36,1,4
sl4x4_007,NW,2,0,changed_periodic,,34,1,4
sl4x4_007,NW,2,1,changed_periodic,,39,1,4
sl4x4_007,NW,2,2,changed_periodic,,34,1,0
sl4x4_007,NW,2,3,changed_periodic,,23,1,7
sl4x4_007,NW,2,4,changed_periodic,,68,1,6
sl4x4_007,NW,3,-5,changed_periodic,,101,1,6
sl4x4_007,NW,3,-4,changed_periodic,,52,1,7
sl4x4_007,NW,3,-3,changed_periodic,,59,1,0
sl4x4_007,NW,3,-2,changed_periodic,,60,1,4
sl4x4_007,NW,3,-1,changed_periodic,,51,1,4
sl4x4_007,NW,3,0,changed_periodic,,49,1,4
sl4x4_007,NW,3,1,changed_periodic,,54,1,4
sl4x4_007,NW,3,2,changed_periodic,,49,1,0
sl4x4_007,NW,3,3,changed_periodic,,38,1,7
sl4x4_007,NW,3,4,changed_periodic,,83,1,6
sl4x4_007,NE,0,-2,changed_periodic,,37,1,7
sl4x4_007,NE,0,-1,changed_periodic,,82,1,6
sl4x4_007,NE,0,0,changed_periodic,,41,1,0
sl4x4_007,NE,0,1,changed_periodic,,70,2,10
sl4x4_007,NE,0,2,changed_periodic,,41,1,4
sl4x4_007,NE,0,3,changed_periodic,,191,1,0
sl4x4_007,NE,0,4,changed_periodic,,193,1,0
sl4x4_007,NE,0,5,changed_periodic,,47,1,4
sl4x4_007,NE,0,6,changed_periodic,,80,2,10
sl4x4_007,NE,0,7,changed_periodic,,55,1,0
sl4x4_007,NE,0,8,changed_periodic,,100,1,6
sl4x4_007,NE,0,9,changed_periodic,,59,1,7
sl4x4_007,NE,1,-2,changed_periodic,,36,1,7
sl4x4_007,NE,1,-1,changed_periodic,,81,1,6
sl4x4_007,NE,1,0,changed_periodic,,40,1,0
sl4x4_007,NE,1,1,changed_periodic,,69,2,10
sl4x4_007,NE,1,2,changed_periodic,,40,1,4
sl4x4_007,NE,1,3,changed_periodic,,190,1,0
sl4x4_007,NE,1,4,changed_periodic,,192,1,0
sl4x4_007,NE,1,5,changed_periodic,,46,1,4
sl4x4_007,NE,1,6,changed_periodic,,79,2,10
sl4x4_007,NE,1,7,changed_periodic,,54,1,0
sl4x4_007,NE,1,8,changed_periodic,,99,1,6
sl4x4_007,NE,1,9,changed_periodic,,58,1,7
sl4x4_007,NE,2,-2,changed_periodic,,35,1,7
sl4x4_007,NE,2,-1,changed_periodic,,80,1,6
sl4x4_007,NE,2,0,changed_periodic,,39,1,0
sl4x4_007,NE,2,1,changed_periodic,,68,2,10
sl4x4_007,NE,2,2,changed_periodic,,39,1,4
sl4x4_007,NE,2,3,changed_periodic,,189,1,0
sl4x4_007,NE,2,4,changed_periodic,,191,1,0
sl4x4_007,NE,2,5,changed_periodic,,45,1,4
sl4x4_007,NE,2,6,changed_periodic,,78,2,10
sl4x4_007,NE,2,7,changed_periodic,,53,1,0
sl4x4_007,NE,2,8,changed_periodic,,98,1,6
sl4x4_007,NE,2,9,changed_periodic,,57,1,7
sl4x4_007,NE,3,-2,changed_periodic,,34,1,7
sl4x4_007,NE,3,-1,changed_periodic,,79,1,6
sl4x4_007,NE,3,0,changed_periodic,,38,1,0
sl4x4_007,NE,3,1,changed_periodic,,67,2,10
sl4x4_007,NE,3,2,changed_periodic,,38,1,4
sl4x4_007,NE,3,3,changed_periodic,,188,1,0
sl4x4_007,NE,3,4,changed_periodic,,190,1,0
sl4x4_007,NE,3,5,changed_periodic,,44,1,4
sl4x4_007,NE,3,6,changed_periodic,,77,2,10
sl4x4_007,NE,3,7,changed_periodic,,52,1,0
sl4x4_007,NE,3,8,changed_periodic,,97,1,6
sl4x4_007,NE,3,9,changed_periodic,,56,1,7
sl4x4_008,SE,0,-5,changed_periodic,,74,2,3
sl4x4_008,SE,0,-4,unresolved_by_horizon,,,,91
sl4x4_008,SE,0,-3,changed_periodic,,63,1,7
sl4x4_008,SE,0,-2,changed_periodic,,52,2,3
sl4x4_008,SE,0,-1,changed_periodic,,50,2,3
sl4x4_008,SE,0,0,changed_periodic,,48,2,3
sl4x4_008,SE,0,1,changed_periodic,,46,2,3
sl4x4_008,SE,0,2,changed_periodic,,53,1,7
sl4x4_008,SE,0,3,unresolved_by_horizon,,,,86
sl4x4_008,SE,0,4,changed_periodic,,56,2,3
sl4x4_008,SE,1,-5,changed_periodic,,73,2,3
sl4x4_008,SE,1,-4,unresolved_by_horizon,,,,103
sl4x4_008,SE,1,-3,changed_periodic,,62,1,7
sl4x4_008,SE,1,-2,changed_periodic,,51,2,3
sl4x4_008,SE,1,-1,changed_periodic,,49,2,3
sl4x4_008,SE,1,0,changed_periodic,,47,2,3
sl4x4_008,SE,1,1,changed_periodic,,45,2,3
sl4x4_008,SE,1,2,changed_periodic,,52,1,7
sl4x4_008,SE,1,3,unresolved_by_horizon,,,,92
sl4x4_008,SE,1,4,changed_periodic,,55,2,3
sl4x4_008,SE,2,-5,changed_periodic,,72,2,3
sl4x4_008,SE,2,-4,unresolved_by_horizon,,,,120
sl4x4_008,SE,2,-3,changed_periodic,,61,1,7
sl4x4_008,SE,2,-2,changed_periodic,,50,2,3
sl4x4_008,SE,2,-1,changed_periodic,,48,2,3
sl4x4_008,SE,2,0,changed_periodic,,46,2,3
sl4x4_008,SE,2,1,changed_periodic,,44,2,3
sl4x4_008,SE,2,2,changed_periodic,,51,1,7
sl4x4_008,SE,2,3,unresolved_by_horizon,,,,85
sl4x4_008,SE,2,4,changed_periodic,,54,2,3
sl4x4_008,SE,3,-5,changed_periodic,,71,2,3
sl4x4_008,SE,3,-4,unresolved_by_horizon,,,,107
sl4x4_008,SE,3,-3,changed_periodic,,60,1,7
sl4x4_008,SE,3,-2,changed_periodic,,49,2,3
sl4x4_008,SE,3,-1,changed_periodic,,47,2,3
sl4x4_008,SE,3,0,changed_periodic,,45,2,3
sl4x4_008,SE,3,1,changed_periodic,,43,2,3
sl4x4_008,SE,3,2,changed_periodic,,50,1,7
sl4x4_008,SE,3,3,unresolved_by_horizon,,,,89
sl4x4_008,SE,3,4,changed_periodic,,53,2,3
sl4x4_008,SW,0,-8,changed_periodic,,25,1,8
sl4x4_008,SW,0,-7,unresolved_by_horizon,,,,5
sl4x4_008,SW,0,-6,changed_periodic,,29,1,6
sl4x4_008,SW,0,-5,changed_periodic,,34,1,10
sl4x4_008,SW,0,-4,changed_periodic,,30,1,4
sl4x4_008,SW,0,-3,changed_periodic,,57,1,0
sl4x4_008,SW,0,-2,unresolved_by_horizon,,,,31
sl4x4_008,SW,0,-1,changed_periodic,,36,1,7
sl4x4_008,SW,0,0,changed_periodic,,72,2,12
sl4x4_008,SW,0,1,changed_periodic,,84,1,6
sl4x4_008,SW,0,2,changed_periodic,,54,1,0
sl4x4_008,SW,0,3,unresolved_by_horizon,,,,159
sl4x4_008,SW,0,4,unresolved_by_horizon,,,,13
sl4x4_008,SW,1,-8,changed_periodic,,24,1,8
sl4x4_008,SW,1,-7,unresolved_by_horizon,,,,5
sl4x4_008,SW,1,-6,changed_periodic,,28,1,6
sl4x4_008,SW,1,-5,changed_periodic,,33,1,10
sl4x4_008,SW,1,-4,changed_periodic,,29,1,4
sl4x4_008,SW,1,-3,changed_periodic,,56,1,0
sl4x4_008,SW,1,-2,unresolved_by_horizon,,,,31
sl4x4_008,SW,1,-1,changed_periodic,,35,1,7
sl4x4_008,SW,1,0,changed_periodic,,71,2,12
sl4x4_008,SW,1,1,changed_periodic,,83,1,6
sl4x4_008,SW,1,2,changed_periodic,,53,1,0
sl4x4_008,SW,1,3,unresolved_by_horizon,,,,131
sl4x4_008,SW,1,4,unresolved_by_horizon,,,,13
sl4x4_008,SW,2,-8,changed_periodic,,23,1,8
sl4x4_008,SW,2,-7,unresolved_by_horizon,,,,5
sl4x4_008,SW,2,-6,changed_periodic,,27,1,6
sl4x4_008,SW,2,-5,changed_periodic,,32,1,10
sl4x4_008,SW,2,-4,changed_periodic,,28,1,4
sl4x4_008,SW,2,-3,changed_periodic,,55,1,0
sl4x4_008,SW,2,-2,unresolved_by_horizon,,,,31
sl4x4_008,SW,2,-1,changed_periodic,,34,1,7
sl4x4_008,SW,2,0,changed_periodic,,70,2,12
sl4x4_008,SW,2,1,changed_periodic,,82,1,6
sl4x4_008,SW,2,2,changed_periodic,,52,1,0
sl4x4_008,SW,2,3,unresolved_by_horizon,,,,142
sl4x4_008,SW,2,4,unresolved_by_horizon,,,,13
sl4x4_008,SW,3,-8,changed_periodic,,38,1,8
sl4x4_008,SW,3,-7,unresolved_by_horizon,,,,5
sl4x4_008,SW,3,-6,changed_periodic,,42,1,6
sl4x4_008,SW,3,-5,changed_periodic,,47,1,10
sl4x4_008,SW,3,-4,changed_periodic,,43,1,4
sl4x4_008,SW,3,-3,changed_periodic,,70,1,0
sl4x4_008,SW,3,-2,unresolved_by_horizon,,,,31
sl4x4_008,SW,3,-1,changed_periodic,,49,1,7
sl4x4_008,SW,3,0,changed_periodic,,85,2,12
sl4x4_008,SW,3,1,changed_periodic,,97,1,6
sl4x4_008,SW,3,2,changed_periodic,,67,1,0
sl4x4_008,SW,3,3,unresolved_by_horizon,,,,109
sl4x4_008,SW,3,4,unresolved_by_horizon,,,,13
sl4x4_008,NW,0,-5,unresolved_by_horizon,,,,5
sl4x4_008,NW,0,-4,changed_periodic,,39,1,8
sl4x4_008,NW,0,-3,changed_periodic,,41,1,0
sl4x4_008,NW,0,-2,changed_periodic,,53,1,0
sl4x4_008,NW,0,-1,changed_periodic,,44,1,0
sl4x4_008,NW,0,0,changed_periodic,,42,1,0
sl4x4_008,NW,0,1,changed_periodic,,47,1,0
sl4x4_008,NW,0,2,changed_periodic,,31,1,0
sl4x4_008,NW,0,3,changed_periodic,,25,1,8
sl4x4_008,NW,0,4,unresolved_by_horizon,,,,5
sl4x4_008,NW,1,-5,unresolved_by_horizon,,,,5
sl4x4_008,NW,1,-4,changed_periodic,,38,1,8
sl4x4_008,NW,1,-3,changed_periodic,,40,1,0
sl4x4_008,NW,1,-2,changed_periodic,,52,1,0
sl4x4_008,NW,1,-1,changed_periodic,,43,1,0
sl4x4_008,NW,1,0,changed_periodic,,41,1,0
sl4x4_008,NW,1,1,changed_periodic,,46,1,0
sl4x4_008,NW,1,2,changed_periodic,,30,1,0
sl4x4_008,NW,1,3,changed_periodic,,24,1,8
sl4x4_008,NW,1,4,unresolved_by_horizon,,,,5
sl4x4_008,NW,2,-5,unresolved_by_horizon,,,,5
sl4x4_008,NW,2,-4,changed_periodic,,37,1,8
sl4x4_008,NW,2,-3,changed_periodic,,39,1,0
sl4x4_008,NW,2,-2,changed_periodic,,51,1,0
sl4x4_008,NW,2,-1,changed_periodic,,42,1,0
sl4x4_008,NW,2,0,changed_periodic,,40,1,0
sl4x4_008,NW,2,1,changed_periodic,,45,1,0
sl4x4_008,NW,2,2,changed_periodic,,29,1,0
sl4x4_008,NW,2,3,changed_periodic,,23,1,8
sl4x4_008,NW,2,4,unresolved_by_horizon,,,,5
sl4x4_008,NW,3,-5,unresolved_by_horizon,,,,5
sl4x4_008,NW,3,-4,changed_periodic,,52,1,8
sl4x4_008,NW,3,-3,changed_periodic,,54,1,0
sl4x4_008,NW,3,-2,changed_periodic,,66,1,0
sl4x4_008,NW,3,-1,changed_periodic,,57,1,0
sl4x4_008,NW,3,0,changed_periodic,,55,1,0
sl4x4_008,NW,3,1,changed_periodic,,60,1,0
sl4x4_008,NW,3,2,changed_periodic,,44,1,0
sl4x4_008,NW,3,3,changed_periodic,,38,1,8
sl4x4_008,NW,3,4,unresolved_by_horizon,,,,5
sl4x4_008,NE,0,-3,unresolved_by_horizon,,,,13
sl4x4_008,NE,0,-2,unresolved_by_horizon,,,,139
sl4x4_008,NE,0,-1,changed_periodic,,48,1,0
sl4x4_008,NE,0,0,changed_periodic,,82,1,6
sl4x4_008,NE,0,1,changed_periodic,,74,2,12
sl4x4_008,NE,0,2,changed_periodic,,42,1,7
sl4x4_008,NE,0,3,unresolved_by_horizon,,,,31
sl4x4_008,NE,0,4,changed_periodic,,71,1,0
sl4x4_008,NE,0,5,changed_periodic,,48,1,4
sl4x4_008,NE,0,6,changed_periodic,,56,1,10
sl4x4_008,NE,0,7,changed_periodic,,55,1,6
sl4x4_008,NE,0,8,unresolved_by_horizon,,,,5
sl4x4_008,NE,0,9,changed_periodic,,59,1,8
sl4x4_008,NE,1,-3,unresolved_by_horizon,,,,13
sl4x4_008,NE,1,-2,unresolved_by_horizon,,,,147
sl4x4_008,NE,1,-1,changed_periodic,,47,1,0
sl4x4_008,NE,1,0,changed_periodic,,81,1,6
sl4x4_008,NE,1,1,changed_periodic,,73,2,12
sl4x4_008,NE,1,2,changed_periodic,,41,1,7
sl4x4_008,NE,1,3,unresolved_by_horizon,,,,31
sl4x4_008,NE,1,4,changed_periodic,,70,1,0
sl4x4_008,NE,1,5,changed_periodic,,47,1,4
sl4x4_008,NE,1,6,changed_periodic,,55,1,10
sl4x4_008,NE,1,7,changed_periodic,,54,1,6
sl4x4_008,NE,1,8,unresolved_by_horizon,,,,5
sl4x4_008,NE,1,9,changed_periodic,,58,1,8
sl4x4_008,NE,2,-3,unresolved_by_horizon,,,,13
sl4x4_008,NE,2,-2,unresolved_by_horizon,,,,148
sl4x4_008,NE,2,-1,changed_periodic,,46,1,0
sl4x4_008,NE,2,0,changed_periodic,,80,1,6
sl4x4_008,NE,2,1,changed_periodic,,72,2,12
sl4x4_008,NE,2,2,changed_periodic,,40,1,7
sl4x4_008,NE,2,3,unresolved_by_horizon,,,,31
sl4x4_008,NE,2,4,changed_periodic,,69,1,0
sl4x4_008,NE,2,5,changed_periodic,,46,1,4
sl4x4_008,NE,2,6,changed_periodic,,54,1,10
sl4x4_008,NE,2,7,changed_periodic,,53,1,6
sl4x4_008,NE,2,8,unresolved_by_horizon,,,,5
sl4x4_008,NE,2,9,changed_periodic,,57,1,8
sl4x4_008,NE,3,-3,unresolved_by_horizon,,,,13
sl4x4_008,NE,3,-2,unresolved_by_horizon,,,,154
sl4x4_008,NE,3,-1,changed_periodic,,45,1,0
sl4x4_008,NE,3,0,changed_periodic,,79,1,6
sl4x4_008,NE,3,1,changed_periodic,,71,2,12
sl4x4_008,NE,3,2,changed_periodic,,39,1,7
sl4x4_008,NE,3,3,unresolved_by_horizon,,,,31
sl4x4_008,NE,3,4,changed_periodic,,68,1,0
sl4x4_008,NE,3,5,changed_periodic,,45,1,4
sl4x4_008,NE,3,6,changed_periodic,,53,1,10
sl4x4_008,NE,3,7,changed_periodic,,52,1,6
sl4x4_008,NE,3,8,unresolved_by_horizon,,,,5
sl4x4_008,NE,3,9,changed_periodic,,56,1,8
sl4x4_009,SE,0,-5,unresolved_by_horizon,,,,86
sl4x4_009,SE,0,-4,unresolved_by_horizon,,,,79
sl4x4_009,SE,0,-3,changed_periodic,,77,1,0
sl4x4_009,SE,0,-2,unresolved_by_horizon,,,,71
sl4x4_009,SE,0,-1,restored,40,,,7
sl4x4_009,SE,0,0,changed_periodic,,41,1,0
sl4x4_009,SE,0,1,changed_periodic,,39,1,0
sl4x4_009,SE,0,2,unresolved_by_horizon,,,,290
sl4x4_009,SE,0,3,changed_periodic,,212,2,55
sl4x4_009,SE,0,4,unresolved_by_horizon,,,,87
sl4x4_009,SE,1,-5,unresolved_by_horizon,,,,97
sl4x4_009,SE,1,-4,unresolved_by_horizon,,,,59
sl4x4_009,SE,1,-3,changed_periodic,,76,1,0
sl4x4_009,SE,1,-2,unresolved_by_horizon,,,,75
sl4x4_009,SE,1,-1,restored,39,,,7
sl4x4_009,SE,1,0,changed_periodic,,40,1,0
sl4x4_009,SE,1,1,changed_periodic,,38,1,0
sl4x4_009,SE,1,2,unresolved_by_horizon,,,,294
sl4x4_009,SE,1,3,changed_periodic,,211,2,55
sl4x4_009,SE,1,4,unresolved_by_horizon,,,,86
sl4x4_009,SE,2,-5,unresolved_by_horizon,,,,90
sl4x4_009,SE,2,-4,unresolved_by_horizon,,,,55
sl4x4_009,SE,2,-3,changed_periodic,,75,1,0
sl4x4_009,SE,2,-2,unresolved_by_horizon,,,,75
sl4x4_009,SE,2,-1,restored,38,,,7
sl4x4_009,SE,2,0,changed_periodic,,39,1,0
sl4x4_009,SE,2,1,changed_periodic,,37,1,0
sl4x4_009,SE,2,2,unresolved_by_horizon,,,,232
sl4x4_009,SE,2,3,changed_periodic,,210,2,55
sl4x4_009,SE,2,4,unresolved_by_horizon,,,,90
sl4x4_009,SE,3,-5,unresolved_by_horizon,,,,90
sl4x4_009,SE,3,-4,unresolved_by_horizon,,,,54
sl4x4_009,SE,3,-3,changed_periodic,,74,1,0
sl4x4_009,SE,3,-2,unresolved_by_horizon,,,,75
sl4x4_009,SE,3,-1,restored,37,,,7
sl4x4_009,SE,3,0,changed_periodic,,38,1,0
sl4x4_009,SE,3,1,changed_periodic,,36,1,0
sl4x4_009,SE,3,2,unresolved_by_horizon,,,,221
sl4x4_009,SE,3,3,changed_periodic,,209,2,55
sl4x4_009,SE,3,4,unresolved_by_horizon,,,,77
sl4x4_009,SW,0,-9,changed_periodic,,26,1,13
sl4x4_009,SW,0,-8,changed_periodic,,56,2,12
sl4x4_009,SW,0,-7,changed_periodic,,28,1,0
sl4x4_009,SW,0,-6,unresolved_by_horizon,,,,137
sl4x4_009,SW,0,-5,changed_periodic,,29,1,5
sl4x4_009,SW,0,-4,changed_periodic,,29,1,4
sl4x4_009,SW,0,-3,changed_periodic,,45,1,0
sl4x4_009,SW,0,-2,changed_periodic,,37,2,6
sl4x4_009,SW,0,-1,changed_periodic,,81,1,28
sl4x4_009,SW,0,0,unresolved_by_horizon,,,,78
sl4x4_009,SW,0,1,changed_periodic,,47,1,0
sl4x4_009,SW,0,2,changed_periodic,,41,1,12
sl4x4_009,SW,0,3,unresolved_by_horizon,,,,31
sl4x4_009,SW,0,4,unresolved_by_horizon,,,,100
sl4x4_009,SW,1,-9,changed_periodic,,25,1,13
sl4x4_009,SW,1,-8,changed_periodic,,55,2,12
sl4x4_009,SW,1,-7,changed_periodic,,27,1,0
sl4x4_009,SW,1,-6,unresolved_by_horizon,,,,139
sl4x4_009,SW,1,-5,changed_periodic,,28,1,5
sl4x4_009,SW,1,-4,changed_periodic,,28,1,4
sl4x4_009,SW,1,-3,changed_periodic,,44,1,0
sl4x4_009,SW,1,-2,changed_periodic,,36,2,6
sl4x4_009,SW,1,-1,changed_periodic,,80,1,28
sl4x4_009,SW,1,0,unresolved_by_horizon,,,,62
sl4x4_009,SW,1,1,changed_periodic,,46,1,0
sl4x4_009,SW,1,2,changed_periodic,,40,1,12
sl4x4_009,SW,1,3,unresolved_by_horizon,,,,31
sl4x4_009,SW,1,4,unresolved_by_horizon,,,,107
sl4x4_009,SW,2,-9,changed_periodic,,24,1,13
sl4x4_009,SW,2,-8,changed_periodic,,54,2,12
sl4x4_009,SW,2,-7,changed_periodic,,26,1,0
sl4x4_009,SW,2,-6,unresolved_by_horizon,,,,139
sl4x4_009,SW,2,-5,changed_periodic,,27,1,5
sl4x4_009,SW,2,-4,changed_periodic,,27,1,4
sl4x4_009,SW,2,-3,changed_periodic,,43,1,0
sl4x4_009,SW,2,-2,changed_periodic,,35,2,6
sl4x4_009,SW,2,-1,changed_periodic,,79,1,28
sl4x4_009,SW,2,0,unresolved_by_horizon,,,,67
sl4x4_009,SW,2,1,changed_periodic,,45,1,0
sl4x4_009,SW,2,2,changed_periodic,,39,1,12
sl4x4_009,SW,2,3,unresolved_by_horizon,,,,31
sl4x4_009,SW,2,4,unresolved_by_horizon,,,,107
sl4x4_009,SW,3,-9,changed_periodic,,39,1,13
sl4x4_009,SW,3,-8,changed_periodic,,69,2,12
sl4x4_009,SW,3,-7,changed_periodic,,41,1,0
sl4x4_009,SW,3,-6,unresolved_by_horizon,,,,115
sl4x4_009,SW,3,-5,changed_periodic,,42,1,5
sl4x4_009,SW,3,-4,changed_periodic,,42,1,4
sl4x4_009,SW,3,-3,changed_periodic,,58,1,0
sl4x4_009,SW,3,-2,changed_periodic,,50,2,6
sl4x4_009,SW,3,-1,changed_periodic,,94,1,28
sl4x4_009,SW,3,0,unresolved_by_horizon,,,,71
sl4x4_009,SW,3,1,changed_periodic,,60,1,0
sl4x4_009,SW,3,2,changed_periodic,,54,1,12
sl4x4_009,SW,3,3,unresolved_by_horizon,,,,31
sl4x4_009,SW,3,4,unresolved_by_horizon,,,,78
sl4x4_009,NW,0,-5,changed_periodic,,65,2,3
sl4x4_009,NW,0,-4,changed_periodic,,66,2,3
sl4x4_009,NW,0,-3,changed_periodic,,51,1,24
sl4x4_009,NW,0,-2,changed_periodic,,38,1,7
sl4x4_009,NW,0,-1,changed_periodic,,45,2,7
sl4x4_009,NW,0,0,unresolved_by_horizon,,,,9
sl4x4_009,NW,0,1,changed_periodic,,51,1,24
sl4x4_009,NW,0,2,changed_periodic,,23,1,12
sl4x4_009,NW,0,3,unresolved_by_horizon,,,,34
sl4x4_009,NW,0,4,changed_periodic,,26,1,13
sl4x4_009,NW,1,-5,changed_periodic,,64,2,3
sl4x4_009,NW,1,-4,changed_periodic,,65,2,3
sl4x4_009,NW,1,-3,changed_periodic,,50,1,24
sl4x4_009,NW,1,-2,changed_periodic,,37,1,7
sl4x4_009,NW,1,-1,changed_periodic,,44,2,7
sl4x4_009,NW,1,0,unresolved_by_horizon,,,,9
sl4x4_009,NW,1,1,changed_periodic,,50,1,24
sl4x4_009,NW,1,2,changed_periodic,,22,1,12
sl4x4_009,NW,1,3,unresolved_by_horizon,,,,34
sl4x4_009,NW,1,4,changed_periodic,,25,1,13
sl4x4_009,NW,2,-5,changed_periodic,,63,2,3
sl4x4_009,NW,2,-4,changed_periodic,,64,2,3
sl4x4_009,NW,2,-3,changed_periodic,,49,1,24
sl4x4_009,NW,2,-2,changed_periodic,,36,1,7
sl4x4_009,NW,2,-1,changed_periodic,,43,2,7
sl4x4_009,NW,2,0,unresolved_by_horizon,,,,9
sl4x4_009,NW,2,1,changed_periodic,,49,1,24
sl4x4_009,NW,2,2,changed_periodic,,21,1,12
sl4x4_009,NW,2,3,unresolved_by_horizon,,,,34
sl4x4_009,NW,2,4,changed_periodic,,24,1,13
sl4x4_009,NW,3,-5,changed_periodic,,78,2,3
sl4x4_009,NW,3,-4,changed_periodic,,79,2,3
sl4x4_009,NW,3,-3,changed_periodic,,64,1,24
sl4x4_009,NW,3,-2,changed_periodic,,51,1,7
sl4x4_009,NW,3,-1,changed_periodic,,58,2,7
sl4x4_009,NW,3,0,unresolved_by_horizon,,,,9
sl4x4_009,NW,3,1,changed_periodic,,64,1,24
sl4x4_009,NW,3,2,changed_periodic,,36,1,12
sl4x4_009,NW,3,3,unresolved_by_horizon,,,,34
sl4x4_009,NW,3,4,changed_periodic,,39,1,13
sl4x4_009,NE,0,-3,changed_periodic,,74,1,9
sl4x4_009,NE,0,-2,changed_periodic,,212,2,55
sl4x4_009,NE,0,-1,changed_periodic,,42,2,3
sl4x4_009,NE,0,0,changed_periodic,,37,1,4
sl4x4_009,NE,0,1,changed_periodic,,41,1,4
sl4x4_009,NE,0,2,changed_periodic,,44,1,0
sl4x4_009,NE,0,3,changed_periodic,,46,1,0
sl4x4_009,NE,0,4,changed_periodic,,51,1,0
sl4x4_009,NE,0,5,unresolved_by_horizon,,,,28
sl4x4_009,NE,0,6,changed_periodic,,54,1,4
sl4x4_009,NE,0,7,unresolved_by_horizon,,,,88
sl4x4_009,NE,0,8,changed_periodic,,64,1,7
sl4x4_009,NE,0,9,changed_periodic,,86,2,3
sl4x4_009,NE,0,10,changed_periodic,,79,1,24
sl4x4_009,NE,1,-3,changed_periodic,,73,1,9
sl4x4_009,NE,1,-2,changed_periodic,,211,2,55
sl4x4_009,NE,1,-1,changed_periodic,,41,2,3
sl4x4_009,NE,1,0,changed_periodic,,36,1,4
sl4x4_009,NE,1,1,changed_periodic,,40,1,4
sl4x4_009,NE,1,2,changed_periodic,,43,1,0
sl4x4_009,NE,1,3,changed_periodic,,45,1,0
sl4x4_009,NE,1,4,changed_periodic,,50,1,0
sl4x4_009,NE,1,5,unresolved_by_horizon,,,,28
sl4x4_009,NE,1,6,changed_periodic,,53,1,4
sl4x4_009,NE,1,7,unresolved_by_horizon,,,,99
sl4x4_009,NE,1,8,changed_periodic,,63,1,7
sl4x4_009,NE,1,9,changed_periodic,,85,2,3
sl4x4_009,NE,1,10,changed_periodic,,78,1,24
sl4x4_009,NE,2,-3,changed_periodic,,72,1,9
sl4x4_009,NE,2,-2,changed_periodic,,210,2,55
sl4x4_009,NE,2,-1,changed_periodic,,40,2,3
sl4x4_009,NE,2,0,changed_periodic,,35,1,4
sl4x4_009,NE,2,1,changed_periodic,,39,1,4
sl4x4_009,NE,2,2,changed_periodic,,42,1,0
sl4x4_009,NE,2,3,changed_periodic,,44,1,0
sl4x4_009,NE,2,4,changed_periodic,,49,1,0
sl4x4_009,NE,2,5,unresolved_by_horizon,,,,28
sl4x4_009,NE,2,6,changed_periodic,,52,1,4
sl4x4_009,NE,2,7,unresolved_by_horizon,,,,89
sl4x4_009,NE,2,8,changed_periodic,,62,1,7
sl4x4_009,NE,2,9,changed_periodic,,84,2,3
sl4x4_009,NE,2,10,changed_periodic,,77,1,24
sl4x4_009,NE,3,-3,changed_periodic,,71,1,9
sl4x4_009,NE,3,-2,changed_periodic,,209,2,55
sl4x4_009,NE,3,-1,changed_periodic,,39,2,3
sl4x4_009,NE,3,0,changed_periodic,,34,1,4
sl4x4_009,NE,3,1,changed_periodic,,38,1,4
sl4x4_009,NE,3,2,changed_periodic,,41,1,0
sl4x4_009,NE,3,3,changed_periodic,,43,1,0
sl4x4_009,NE,3,4,changed_periodic,,48,1,0
sl4x4_009,NE,3,5,unresolved_by_horizon,,,,28
sl4x4_009,NE,3,6,changed_periodic,,51,1,4
sl4x4_009,NE,3,7,unresolved_by_horizon,,,,85
sl4x4_009,NE,3,8,changed_periodic,,61,1,7
sl4x4_009,NE,3,9,changed_periodic,,83,2,3
sl4x4_009,NE,3,10,changed_periodic,,76,1,24
sl4x4_010,SE,0,-6,changed_periodic,,165,1,34
sl4x4_010,SE,0,-5,unresolved_by_horizon,,,,350
sl4x4_010,SE,0,-4,changed_periodic,,81,1,10
sl4x4_010,SE,0,-3,changed_periodic,,76,2,12
sl4x4_010,SE,0,-2,changed_periodic,,54,1,0
sl4x4_010,SE,0,-1,changed_periodic,,43,1,7
sl4x4_010,SE,0,0,changed_periodic,,41,1,7
sl4x4_010,SE,0,1,changed_periodic,,48,1,0
sl4x4_010,SE,0,2,changed_periodic,,66,2,12
sl4x4_010,SE,0,3,changed_periodic,,67,1,10
sl4x4_010,SE,0,4,unresolved_by_horizon,,,,292
sl4x4_010,SE,0,5,changed_periodic,,143,1,34
sl4x4_010,SE,1,-6,changed_periodic,,164,1,34
sl4x4_010,SE,1,-5,unresolved_by_horizon,,,,367
sl4x4_010,SE,1,-4,changed_periodic,,80,1,10
sl4x4_010,SE,1,-3,changed_periodic,,75,2,12
sl4x4_010,SE,1,-2,changed_periodic,,53,1,0
sl4x4_010,SE,1,-1,changed_periodic,,42,1,7
sl4x4_010,SE,1,0,changed_periodic,,40,1,7
sl4x4_010,SE,1,1,changed_periodic,,47,1,0
sl4x4_010,SE,1,2,changed_periodic,,65,2,12
sl4x4_010,SE,1,3,changed_periodic,,66,1,10
sl4x4_010,SE,1,4,unresolved_by_horizon,,,,293
sl4x4_010,SE,1,5,changed_periodic,,142,1,34
sl4x4_010,SE,2,-6,changed_periodic,,163,1,34
sl4x4_010,SE,2,-5,unresolved_by_horizon,,,,339
sl4x4_010,SE,2,-4,changed_periodic,,79,1,10
sl4x4_010,SE,2,-3,changed_periodic,,74,2,12
sl4x4_010,SE,2,-2,changed_periodic,,52,1,0
sl4x4_010,SE,2,-1,changed_periodic,,41,1,7
sl4x4_010,SE,2,0,changed_periodic,,39,1,7
sl4x4_010,SE,2,1,changed_periodic,,46,1,0
sl4x4_010,SE,2,2,changed_periodic,,64,2,12
sl4x4_010,SE,2,3,changed_periodic,,65,1,10
sl4x4_010,SE,2,4,unresolved_by_horizon,,,,296
sl4x4_010,SE,2,5,changed_periodic,,141,1,34
sl4x4_010,SE,3,-6,changed_periodic,,162,1,34
sl4x4_010,SE,3,-5,unresolved_by_horizon,,,,359
sl4x4_010,SE,3,-4,changed_periodic,,78,1,10
sl4x4_010,SE,3,-3,changed_periodic,,73,2,12
sl4x4_010,SE,3,-2,changed_periodic,,51,1,0
sl4x4_010,SE,3,-1,changed_periodic,,40,1,7
sl4x4_010,SE,3,0,changed_periodic,,38,1,7
sl4x4_010,SE,3,1,changed_periodic,,45,1,0
sl4x4_010,SE,3,2,changed_periodic,,63,2,12
sl4x4_010,SE,3,3,changed_periodic,,64,1,10
sl4x4_010,SE,3,4,unresolved_by_horizon,,,,322
sl4x4_010,SE,3,5,changed_periodic,,140,1,34
sl4x4_010,SW,0,-7,changed_periodic,,44,1,24
sl4x4_010,SW,0,-6,changed_periodic,,32,1,0
sl4x4_010,SW,0,-5,unresolved_by_horizon,,,,127
sl4x4_010,SW,0,-4,changed_periodic,,56,1,24
sl4x4_010,SW,0,-3,changed_periodic,,30,1,0
sl4x4_010,SW,0,-2,changed_periodic,,33,1,6
sl4x4_010,SW,0,-1,changed_periodic,,52,1,7
sl4x4_010,SW,0,0,changed_periodic,,62,1,7
sl4x4_010,SW,0,1,changed_periodic,,45,1,4
sl4x4_010,SW,0,2,unresolved_by_horizon,,,,309
sl4x4_010,SW,0,3,unresolved_by_horizon,,,,108
sl4x4_010,SW,1,-7,changed_periodic,,43,1,24
sl4x4_010,SW,1,-6,changed_periodic,,31,1,0
sl4x4_010,SW,1,-5,unresolved_by_horizon,,,,126
sl4x4_010,SW,1,-4,changed_periodic,,55,1,24
sl4x4_010,SW,1,-3,changed_periodic,,29,1,0
sl4x4_010,SW,1,-2,changed_periodic,,32,1,6
sl4x4_010,SW,1,-1,changed_periodic,,51,1,7
sl4x4_010,SW,1,0,changed_periodic,,61,1,7
sl4x4_010,SW,1,1,changed_periodic,,44,1,4
sl4x4_010,SW,1,2,unresolved_by_horizon,,,,294
sl4x4_010,SW,1,3,unresolved_by_horizon,,,,127
sl4x4_010,SW,2,-7,changed_periodic,,42,1,24
sl4x4_010,SW,2,-6,changed_periodic,,30,1,0
sl4x4_010,SW,2,-5,unresolved_by_horizon,,,,130
sl4x4_010,SW,2,-4,changed_periodic,,54,1,24
sl4x4_010,SW,2,-3,changed_periodic,,28,1,0
sl4x4_010,SW,2,-2,changed_periodic,,31,1,6
sl4x4_010,SW,2,-1,changed_periodic,,50,1,7
sl4x4_010,SW,2,0,changed_periodic,,60,1,7
sl4x4_010,SW,2,1,changed_periodic,,43,1,4
sl4x4_010,SW,2,2,unresolved_by_horizon,,,,319
sl4x4_010,SW,2,3,unresolved_by_horizon,,,,119
sl4x4_010,SW,3,-7,changed_periodic,,57,1,24
sl4x4_010,SW,3,-6,changed_periodic,,45,1,0
sl4x4_010,SW,3,-5,unresolved_by_horizon,,,,109
sl4x4_010,SW,3,-4,changed_periodic,,69,1,24
sl4x4_010,SW,3,-3,changed_periodic,,43,1,0
sl4x4_010,SW,3,-2,changed_periodic,,46,1,6
sl4x4_010,SW,3,-1,changed_periodic,,65,1,7
sl4x4_010,SW,3,0,changed_periodic,,75,1,7
sl4x4_010,SW,3,1,changed_periodic,,58,1,4
sl4x4_010,SW,3,2,unresolved_by_horizon,,,,359
sl4x4_010,SW,3,3,unresolved_by_horizon,,,,95
sl4x4_010,NW,0,-6,changed_periodic,,54,1,0
sl4x4_010,NW,0,-5,changed_periodic,,62,1,24
sl4x4_010,NW,0,-4,unresolved_by_horizon,,,,19
sl4x4_010,NW,0,-3,unresolved_by_horizon,,,,110
sl4x4_010,NW,0,-2,changed_periodic,,36,1,4
sl4x4_010,NW,0,-1,changed_periodic,,52,1,0
sl4x4_010,NW,0,0,changed_periodic,,50,1,0
sl4x4_010,NW,0,1,changed_periodic,,30,1,4
sl4x4_010,NW,0,2,unresolved_by_horizon,,,,77
sl4x4_010,NW,0,3,unresolved_by_horizon,,,,19
sl4x4_010,NW,0,4,changed_periodic,,44,1,24
sl4x4_010,NW,0,5,changed_periodic,,32,1,0
sl4x4_010,NW,1,-6,changed_periodic,,53,1,0
sl4x4_010,NW,1,-5,changed_periodic,,61,1,24
sl4x4_010,NW,1,-4,unresolved_by_horizon,,,,19
sl4x4_010,NW,1,-3,unresolved_by_horizon,,,,106
sl4x4_010,NW,1,-2,changed_periodic,,35,1,4
sl4x4_010,NW,1,-1,changed_periodic,,51,1,0
sl4x4_010,NW,1,0,changed_periodic,,49,1,0
sl4x4_010,NW,1,1,changed_periodic,,29,1,4
sl4x4_010,NW,1,2,unresolved_by_horizon,,,,77
sl4x4_010,NW,1,3,unresolved_by_horizon,,,,19
sl4x4_010,NW,1,4,changed_periodic,,43,1,24
sl4x4_010,NW,1,5,changed_periodic,,31,1,0
sl4x4_010,NW,2,-6,changed_periodic,,52,1,0
sl4x4_010,NW,2,-5,changed_periodic,,60,1,24
sl4x4_010,NW,2,-4,unresolved_by_horizon,,,,19
sl4x4_010,NW,2,-3,unresolved_by_horizon,,,,108
sl4x4_010,NW,2,-2,changed_periodic,,34,1,4
sl4x4_010,NW,2,-1,changed_periodic,,50,1,0
sl4x4_010,NW,2,0,changed_periodic,,48,1,0
sl4x4_010,NW,2,1,changed_periodic,,28,1,4
sl4x4_010,NW,2,2,unresolved_by_horizon,,,,77
sl4x4_010,NW,2,3,unresolved_by_horizon,,,,19
sl4x4_010,NW,2,4,changed_periodic,,42,1,24
sl4x4_010,NW,2,5,changed_periodic,,30,1,0
sl4x4_010,NW,3,-6,changed_periodic,,67,1,0
sl4x4_010,NW,3,-5,changed_periodic,,75,1,24
sl4x4_010,NW,3,-4,unresolved_by_horizon,,,,19
sl4x4_010,NW,3,-3,unresolved_by_horizon,,,,166
sl4x4_010,NW,3,-2,changed_periodic,,49,1,4
sl4x4_010,NW,3,-1,changed_periodic,,65,1,0
sl4x4_010,NW,3,0,changed_periodic,,63,1,0
sl4x4_010,NW,3,1,changed_periodic,,43,1,4
sl4x4_010,NW,3,2,unresolved_by_horizon,,,,109
sl4x4_010,NW,3,3,unresolved_by_horizon,,,,19
sl4x4_010,NW,3,4,changed_periodic,,57,1,24
sl4x4_010,NW,3,5,changed_periodic,,45,1,0
sl4x4_010,NE,0,-2,unresolved_by_horizon,,,,85
sl4x4_010,NE,0,-1,unresolved_by_horizon,,,,292
sl4x4_010,NE,0,0,changed_periodic,,43,1,4
sl4x4_010,NE,0,1,changed_periodic,,64,1,7
sl4x4_010,NE,0,2,changed_periodic,,58,1,7
sl4x4_010,NE,0,3,changed_periodic,,43,1,6
sl4x4_010,NE,0,4,changed_periodic,,44,1,0
sl4x4_010,NE,0,5,changed_periodic,,74,1,24
sl4x4_010,NE,0,6,unresolved_by_horizon,,,,131
sl4x4_010,NE,0,7,changed_periodic,,58,1,0
sl4x4_010,NE,0,8,changed_periodic,,74,1,24
sl4x4_010,NE,1,-2,unresolved_by_horizon,,,,90
sl4x4_010,NE,1,-1,unresolved_by_horizon,,,,293
sl4x4_010,NE,1,0,changed_periodic,,42,1,4
sl4x4_010,NE,1,1,changed_periodic,,63,1,7
sl4x4_010,NE,1,2,changed_periodic,,57,1,7
sl4x4_010,NE,1,3,changed_periodic,,42,1,6
sl4x4_010,NE,1,4,changed_periodic,,43,1,0
sl4x4_010,NE,1,5,changed_periodic,,73,1,24
sl4x4_010,NE,1,6,unresolved_by_horizon,,,,114
sl4x4_010,NE,1,7,changed_periodic,,57,1,0
sl4x4_010,NE,1,8,changed_periodic,,73,1,24
sl4x4_010,NE,2,-2,unresolved_by_horizon,,,,90
sl4x4_010,NE,2,-1,unresolved_by_horizon,,,,296
sl4x4_010,NE,2,0,changed_periodic,,41,1,4
sl4x4_010,NE,2,1,changed_periodic,,62,1,7
sl4x4_010,NE,2,2,changed_periodic,,56,1,7
sl4x4_010,NE,2,3,changed_periodic,,41,1,6
sl4x4_010,NE,2,4,changed_periodic,,42,1,0
sl4x4_010,NE,2,5,changed_periodic,,72,1,24
sl4x4_010,NE,2,6,unresolved_by_horizon,,,,119
sl4x4_010,NE,2,7,changed_periodic,,56,1,0
sl4x4_010,NE,2,8,changed_periodic,,72,1,24
sl4x4_010,NE,3,-2,unresolved_by_horizon,,,,97
sl4x4_010,NE,3,-1,unresolved_by_horizon,,,,322
sl4x4_010,NE,3,0,changed_periodic,,40,1,4
sl4x4_010,NE,3,1,changed_periodic,,61,1,7
sl4x4_010,NE,3,2,changed_periodic,,55,1,7
sl4x4_010,NE,3,3,changed_periodic,,40,1,6
sl4x4_010,NE,3,4,changed_periodic,,41,1,0
sl4x4_010,NE,3,5,changed_periodic,,71,1,24
sl4x4_010,NE,3,6,unresolved_by_horizon,,,,111
sl4x4_010,NE,3,7,changed_periodic,,55,1,0
sl4x4_010,NE,3,8,changed_periodic,,71,1,24
sl4x4_011,SE,0,-5,unresolved_by_horizon,,,,27
sl4x4_011,SE,0,-4,unresolved_by_horizon,,,,25
sl4x4_011,SE,0,-3,changed_periodic,,52,1,15
sl4x4_011,SE,0,-2,changed_periodic,,145,2,15
sl4x4_011,SE,0,-1,changed_periodic,,143,2,15
sl4x4_011,SE,0,0,changed_periodic,,141,2,15
sl4x4_011,SE,0,1,changed_periodic,,139,2,15
sl4x4_011,SE,0,2,changed_periodic,,42,1,15
sl4x4_011,SE,0,3,unresolved_by_horizon,,,,25
sl4x4_011,SE,0,4,unresolved_by_horizon,,,,21
sl4x4_011,SE,1,-5,unresolved_by_horizon,,,,26
sl4x4_011,SE,1,-4,unresolved_by_horizon,,,,25
sl4x4_011,SE,1,-3,changed_periodic,,51,1,15
sl4x4_011,SE,1,-2,changed_periodic,,144,2,15
sl4x4_011,SE,1,-1,changed_periodic,,142,2,15
sl4x4_011,SE,1,0,changed_periodic,,140,2,15
sl4x4_011,SE,1,1,changed_periodic,,138,2,15
sl4x4_011,SE,1,2,changed_periodic,,41,1,15
sl4x4_011,SE,1,3,unresolved_by_horizon,,,,25
sl4x4_011,SE,1,4,unresolved_by_horizon,,,,21
sl4x4_011,SE,2,-5,unresolved_by_horizon,,,,24
sl4x4_011,SE,2,-4,unresolved_by_horizon,,,,25
sl4x4_011,SE,2,-3,changed_periodic,,50,1,15
sl4x4_011,SE,2,-2,changed_periodic,,143,2,15
sl4x4_011,SE,2,-1,changed_periodic,,141,2,15
sl4x4_011,SE,2,0,changed_periodic,,139,2,15
sl4x4_011,SE,2,1,changed_periodic,,137,2,15
sl4x4_011,SE,2,2,changed_periodic,,40,1,15
sl4x4_011,SE,2,3,unresolved_by_horizon,,,,25
sl4x4_011,SE,2,4,unresolved_by_horizon,,,,21
sl4x4_011,SE,3,-5,unresolved_by_horizon,,,,23
sl4x4_011,SE,3,-4,unresolved_by_horizon,,,,25
sl4x4_011,SE,3,-3,changed_periodic,,49,1,15
sl4x4_011,SE,3,-2,changed_periodic,,142,2,15
sl4x4_011,SE,3,-1,changed_periodic,,140,2,15
sl4x4_011,SE,3,0,changed_periodic,,138,2,15
sl4x4_011,SE,3,1,changed_periodic,,136,2,15
sl4x4_011,SE,3,2,changed_periodic,,39,1,15
sl4x4_011,SE,3,3,unresolved_by_horizon,,,,25
sl4x4_011,SE,3,4,unresolved_by_horizon,,,,21
sl4x4_011,SW,0,-9,changed_periodic,,108,1,16
sl4x4_011,SW,0,-8,changed_periodic,,93,2,46
sl4x4_011,SW,0,-7,changed_periodic,,66,2,15
sl4x4_011,SW,0,-6,unresolved_by_horizon,,,,5
sl4x4_011,SW,0,-5,changed_periodic,,44,1,8
sl4x4_011,SW,0,-4,unresolved_by_horizon,,,,9
sl4x4_011,SW,0,-3,changed_periodic,,206,2,55
sl4x4_011,SW,0,-2,changed_periodic,,208,2,55
sl4x4_011,SW,0,-1,unresolved_by_horizon,,,,9
sl4x4_011,SW,0,0,changed_periodic,,54,1,8
sl4x4_011,SW,0,1,unresolved_by_horizon,,,,5
sl4x4_011,SW,0,2,changed_periodic,,84,2,15
sl4x4_011,SW,0,3,changed_periodic,,115,2,46
sl4x4_011,SW,0,4,changed_periodic,,134,1,16
sl4x4_011,SW,1,-9,changed_periodic,,107,1,16
sl4x4_011,SW,1,-8,changed_periodic,,92,2,46
sl4x4_011,SW,1,-7,changed_periodic,,65,2,15
sl4x4_011,SW,1,-6,unresolved_by_horizon,,,,5
sl4x4_011,SW,1,-5,changed_periodic,,43,1,8
sl4x4_011,SW,1,-4,unresolved_by_horizon,,,,9
sl4x4_011,SW,1,-3,changed_periodic,,205,2,55
sl4x4_011,SW,1,-2,changed_periodic,,207,2,55
sl4x4_011,SW,1,-1,unresolved_by_horizon,,,,9
sl4x4_011,SW,1,0,changed_periodic,,53,1,8
sl4x4_011,SW,1,1,unresolved_by_horizon,,,,5
sl4x4_011,SW,1,2,changed_periodic,,83,2,15
sl4x4_011,SW,1,3,changed_periodic,,114,2,46
sl4x4_011,SW,1,4,changed_periodic,,133,1,16
sl4x4_011,SW,2,-9,changed_periodic,,106,1,16
sl4x4_011,SW,2,-8,changed_periodic,,91,2,46
sl4x4_011,SW,2,-7,changed_periodic,,64,2,15
sl4x4_011,SW,2,-6,unresolved_by_horizon,,,,5
sl4x4_011,SW,2,-5,changed_periodic,,42,1,8
sl4x4_011,SW,2,-4,unresolved_by_horizon,,,,9
sl4x4_011,SW,2,-3,changed_periodic,,204,2,55
sl4x4_011,SW,2,-2,changed_periodic,,206,2,55
sl4x4_011,SW,2,-1,unresolved_by_horizon,,,,9
sl4x4_011,SW,2,0,changed_periodic,,52,1,8
sl4x4_011,SW,2,1,unresolved_by_horizon,,,,5
sl4x4_011,SW,2,2,changed_periodic,,82,2,15
sl4x4_011,SW,2,3,changed_periodic,,113,2,46
sl4x4_011,SW,2,4,changed_periodic,,132,1,16
sl4x4_011,SW,3,-9,changed_periodic,,121,1,16
sl4x4_011,SW,3,-8,changed_periodic,,106,2,46
sl4x4_011,SW,3,-7,changed_periodic,,79,2,15
sl4x4_011,SW,3,-6,unresolved_by_horizon,,,,5
sl4x4_011,SW,3,-5,changed_periodic,,57,1,8
sl4x4_011,SW,3,-4,unresolved_by_horizon,,,,9
sl4x4_011,SW,3,-3,changed_periodic,,219,2,55
sl4x4_011,SW,3,-2,changed_periodic,,221,2,55
sl4x4_011,SW,3,-1,unresolved_by_horizon,,,,9
sl4x4_011,SW,3,0,changed_periodic,,67,1,8
sl4x4_011,SW,3,1,unresolved_by_horizon,,,,5
sl4x4_011,SW,3,2,changed_periodic,,97,2,15
sl4x4_011,SW,3,3,changed_periodic,,128,2,46
sl4x4_011,SW,3,4,changed_periodic,,147,1,16
sl4x4_011,NW,0,-5,unresolved_by_horizon,,,,21
sl4x4_011,NW,0,-4,unresolved_by_horizon,,,,25
sl4x4_011,NW,0,-3,changed_periodic,,40,1,15
sl4x4_011,NW,0,-2,changed_periodic,,133,2,15
sl4x4_011,NW,0,-1,changed_periodic,,131,2,15
sl4x4_011,NW,0,0,changed_periodic,,129,2,15
sl4x4_011,NW,0,1,changed_periodic,,127,2,15
sl4x4_011,NW,0,2,changed_periodic,,30,1,15
sl4x4_011,NW,0,3,unresolved_by_horizon,,,,25
sl4x4_011,NW,0,4,unresolved_by_horizon,,,,21
sl4x4_011,NW,1,-5,unresolved_by_horizon,,,,21
sl4x4_011,NW,1,-4,unresolved_by_horizon,,,,25
sl4x4_011,NW,1,-3,changed_periodic,,39,1,15
sl4x4_011,NW,1,-2,changed_periodic,,132,2,15
sl4x4_011,NW,1,-1,changed_periodic,,130,2,15
sl4x4_011,NW,1,0,changed_periodic,,128,2,15
sl4x4_011,NW,1,1,changed_periodic,,126,2,15
sl4x4_011,NW,1,2,changed_periodic,,29,1,15
sl4x4_011,NW,1,3,unresolved_by_horizon,,,,25
sl4x4_011,NW,1,4,unresolved_by_horizon,,,,21
sl4x4_011,NW,2,-5,unresolved_by_horizon,,,,21
sl4x4_011,NW,2,-4,unresolved_by_horizon,,,,25
sl4x4_011,NW,2,-3,changed_periodic,,38,1,15
sl4x4_011,NW,2,-2,changed_periodic,,131,2,15
sl4x4_011,NW,2,-1,changed_periodic,,129,2,15
sl4x4_011,NW,2,0,changed_periodic,,127,2,15
sl4x4_011,NW,2,1,changed_periodic,,125,2,15
sl4x4_011,NW,2,2,changed_periodic,,28,1,15
sl4x4_011,NW,2,3,unresolved_by_horizon,,,,25
sl4x4_011,NW,2,4,unresolved_by_horizon,,,,21
sl4x4_011,NW,3,-5,unresolved_by_horizon,,,,25
sl4x4_011,NW,3,-4,unresolved_by_horizon,,,,25
sl4x4_011,NW,3,-3,changed_periodic,,53,1,15
sl4x4_011,NW,3,-2,changed_periodic,,146,2,15
sl4x4_011,NW,3,-1,changed_periodic,,144,2,15
sl4x4_011,NW,3,0,changed_periodic,,142,2,15
sl4x4_011,NW,3,1,changed_periodic,,140,2,15
sl4x4_011,NW,3,2,changed_periodic,,43,1,15
sl4x4_011,NW,3,3,unresolved_by_horizon,,,,25
sl4x4_011,NW,3,4,unresolved_by_horizon,,,,21
sl4x4_011,NE,0,-3,changed_periodic,,120,1,16
sl4x4_011,NE,0,-2,changed_periodic,,105,2,46
sl4x4_011,NE,0,-1,changed_periodic,,78,2,15
sl4x4_011,NE,0,0,unresolved_by_horizon,,,,5
sl4x4_011,NE,0,1,changed_periodic,,56,1,8
sl4x4_011,NE,0,2,unresolved_by_horizon,,,,9
sl4x4_011,NE,0,3,changed_periodic,,218,2,55
sl4x4_011,NE,0,4,changed_periodic,,220,2,55
sl4x4_011,NE,0,5,unresolved_by_horizon,,,,9
sl4x4_011,NE,0,6,changed_periodic,,66,1,8
sl4x4_011,NE,0,7,unresolved_by_horizon,,,,5
sl4x4_011,NE,0,8,changed_periodic,,96,2,15
sl4x4_011,NE,0,9,changed_periodic,,127,2,46
sl4x4_011,NE,0,10,changed_periodic,,146,1,16
sl4x4_011,NE,1,-3,changed_periodic,,119,1,16
sl4x4_011,NE,1,-2,changed_periodic,,104,2,46
sl4x4_011,NE,1,-1,changed_periodic,,77,2,15
sl4x4_011,NE,1,0,unresolved_by_horizon,,,,5
sl4x4_011,NE,1,1,changed_periodic,,55,1,8
sl4x4_011,NE,1,2,unresolved_by_horizon,,,,9
sl4x4_011,NE,1,3,changed_periodic,,217,2,55
sl4x4_011,NE,1,4,changed_periodic,,219,2,55
sl4x4_011,NE,1,5,unresolved_by_horizon,,,,9
sl4x4_011,NE,1,6,changed_periodic,,65,1,8
sl4x4_011,NE,1,7,unresolved_by_horizon,,,,5
sl4x4_011,NE,1,8,changed_periodic,,95,2,15
sl4x4_011,NE,1,9,changed_periodic,,126,2,46
sl4x4_011,NE,1,10,changed_periodic,,145,1,16
sl4x4_011,NE,2,-3,changed_periodic,,118,1,16
sl4x4_011,NE,2,-2,changed_periodic,,103,2,46
sl4x4_011,NE,2,-1,changed_periodic,,76,2,15
sl4x4_011,NE,2,0,unresolved_by_horizon,,,,5
sl4x4_011,NE,2,1,changed_periodic,,54,1,8
sl4x4_011,NE,2,2,unresolved_by_horizon,,,,9
sl4x4_011,NE,2,3,changed_periodic,,216,2,55
sl4x4_011,NE,2,4,changed_periodic,,218,2,55
sl4x4_011,NE,2,5,unresolved_by_horizon,,,,9
sl4x4_011,NE,2,6,changed_periodic,,64,1,8
sl4x4_011,NE,2,7,unresolved_by_horizon,,,,5
sl4x4_011,NE,2,8,changed_periodic,,94,2,15
sl4x4_011,NE,2,9,changed_periodic,,125,2,46
sl4x4_011,NE,2,10,changed_periodic,,144,1,16
sl4x4_011,NE,3,-3,changed_periodic,,117,1,16
sl4x4_011,NE,3,-2,changed_periodic,,102,2,46
sl4x4_011,NE,3,-1,changed_periodic,,75,2,15
sl4x4_011,NE,3,0,unresolved_by_horizon,,,,5
sl4x4_011,NE,3,1,changed_periodic,,53,1,8
sl4x4_011,NE,3,2,unresolved_by_horizon,,,,9
sl4x4_011,NE,3,3,changed_periodic,,215,2,55
sl4x4_011,NE,3,4,changed_periodic,,217,2,55
sl4x4_011,NE,3,5,unresolved_by_horizon,,,,9
sl4x4_011,NE,3,6,changed_periodic,,63,1,8
sl4x4_011,NE,3,7,unresolved_by_horizon,,,,5
sl4x4_011,NE,3,8,changed_periodic,,93,2,15
sl4x4_011,NE,3,9,changed_periodic,,124,2,46
sl4x4_011,NE,3,10,changed_periodic,,143,1,16
sl4x4_012,SE,0,-6,unresolved_by_horizon,,,,49
sl4x4_012,SE,0,-5,changed_periodic,,230,2,55
sl4x4_012,SE,0,-4,changed_periodic,,56,1,4
sl4x4_012,SE,0,-3,changed_periodic,,70,1,0
sl4x4_012,SE,0,-2,unresolved_by_horizon,,,,91
sl4x4_012,SE,0,-1,changed_periodic,,43,1,6
sl4x4_012,SE,0,0,changed_periodic,,41,1,6
sl4x4_012,SE,0,1,unresolved_by_horizon,,,,92
sl4x4_012,SE,0,2,changed_periodic,,60,1,0
sl4x4_012,SE,0,3,changed_periodic,,42,1,4
sl4x4_012,SE,0,4,changed_periodic,,212,2,55
sl4x4_012,SE,0,5,unresolved_by_horizon,,,,78
sl4x4_012,SE,1,-6,unresolved_by_horizon,,,,55
sl4x4_012,SE,1,-5,changed_periodic,,229,2,55
sl4x4_012,SE,1,-4,changed_periodic,,55,1,4
sl4x4_012,SE,1,-3,changed_periodic,,69,1,0
sl4x4_012,SE,1,-2,unresolved_by_horizon,,,,97
sl4x4_012,SE,1,-1,changed_periodic,,42,1,6
sl4x4_012,SE,1,0,changed_periodic,,40,1,6
sl4x4_012,SE,1,1,unresolved_by_horizon,,,,95
sl4x4_012,SE,1,2,changed_periodic,,59,1,0
sl4x4_012,SE,1,3,changed_periodic,,41,1,4
sl4x4_012,SE,1,4,changed_periodic,,211,2,55
sl4x4_012,SE,1,5,unresolved_by_horizon,,,,76
sl4x4_012,SE,2,-6,unresolved_by_horizon,,,,49
sl4x4_012,SE,2,-5,changed_periodic,,228,2,55
sl4x4_012,SE,2,-4,changed_periodic,,54,1,4
sl4x4_012,SE,2,-3,changed_periodic,,68,1,0
sl4x4_012,SE,2,-2,unresolved_by_horizon,,,,92
sl4x4_012,SE,2,-1,changed_periodic,,41,1,6
sl4x4_012,SE,2,0,changed_periodic,,39,1,6
sl4x4_012,SE,2,1,unresolved_by_horizon,,,,100
sl4x4_012,SE,2,2,changed_periodic,,58,1,0
sl4x4_012,SE,2,3,changed_periodic,,40,1,4
sl4x4_012,SE,2,4,changed_periodic,,210,2,55
sl4x4_012,SE,2,5,unresolved_by_horizon,,,,82
sl4x4_012,SE,3,-6,unresolved_by_horizon,,,,53
sl4x4_012,SE,3,-5,changed_periodic,,227,2,55
sl4x4_012,SE,3,-4,changed_periodic,,53,1,4
sl4x4_012,SE,3,-3,changed_periodic,,67,1,0
sl4x4_012,SE,3,-2,unresolved_by_horizon,,,,97
sl4x4_012,SE,3,-1,changed_periodic,,40,1,6
sl4x4_012,SE,3,0,changed_periodic,,38,1,6
sl4x4_012,SE,3,1,unresolved_by_horizon,,,,105
sl4x4_012,SE,3,2,changed_periodic,,57,1,0
sl4x4_012,SE,3,3,changed_periodic,,39,1,4
sl4x4_012,SE,3,4,changed_periodic,,209,2,55
sl4x4_012,SE,3,5,unresolved_by_horizon,,,,65
sl4x4_012,SW,0,-8,unresolved_by_horizon,,,,51
sl4x4_012,SW,0,-7,changed_periodic,,200,2,55
sl4x4_012,SW,0,-6,changed_periodic,,30,1,4
sl4x4_012,SW,0,-5,changed_periodic,,48,1,0
sl4x4_012,SW,0,-4,unresolved_by_horizon,,,,91
sl4x4_012,SW,0,-3,changed_periodic,,29,1,6
sl4x4_012,SW,0,-2,changed_periodic,,31,1,6
sl4x4_012,SW,0,-1,unresolved_by_horizon,,,,93
sl4x4_012,SW,0,0,changed_periodic,,58,1,0
sl4x4_012,SW,0,1,changed_periodic,,44,1,4
sl4x4_012,SW,0,2,changed_periodic,,218,2,55
sl4x4_012,SW,0,3,unresolved_by_horizon,,,,59
sl4x4_012,SW,1,-8,unresolved_by_horizon,,,,50
sl4x4_012,SW,1,-7,changed_periodic,,199,2,55
sl4x4_012,SW,1,-6,changed_periodic,,29,1,4
sl4x4_012,SW,1,-5,changed_periodic,,47,1,0
sl4x4_012,SW,1,-4,unresolved_by_horizon,,,,96
sl4x4_012,SW,1,-3,changed_periodic,,28,1,6
sl4x4_012,SW,1,-2,changed_periodic,,30,1,6
sl4x4_012,SW,1,-1,unresolved_by_horizon,,,,89
sl4x4_012,SW,1,0,changed_periodic,,57,1,0
sl4x4_012,SW,1,1,changed_periodic,,43,1,4
sl4x4_012,SW,1,2,changed_periodic,,217,2,55
sl4x4_012,SW,1,3,unresolved_by_horizon,,,,62
sl4x4_012,SW,2,-8,unresolved_by_horizon,,,,41
sl4x4_012,SW,2,-7,changed_periodic,,198,2,55
sl4x4_012,SW,2,-6,changed_periodic,,28,1,4
sl4x4_012,SW,2,-5,changed_periodic,,46,1,0
sl4x4_012,SW,2,-4,unresolved_by_horizon,,,,94
sl4x4_012,SW,2,-3,changed_periodic,,27,1,6
sl4x4_012,SW,2,-2,changed_periodic,,29,1,6
sl4x4_012,SW,2,-1,unresolved_by_horizon,,,,100
sl4x4_012,SW,2,0,changed_periodic,,56,1,0
sl4x4_012,SW,2,1,changed_periodic,,42,1,4
sl4x4_012,SW,2,2,changed_periodic,,216,2,55
sl4x4_012,SW,2,3,unresolved_by_horizon,,,,69
sl4x4_012,SW,3,-8,unresolved_by_horizon,,,,73
sl4x4_012,SW,3,-7,changed_periodic,,213,2,55
sl4x4_012,SW,3,-6,changed_periodic,,43,1,4
sl4x4_012,SW,3,-5,changed_periodic,,61,1,0
sl4x4_012,SW,3,-4,unresolved_by_horizon,,,,88
sl4x4_012,SW,3,-3,changed_periodic,,42,1,6
sl4x4_012,SW,3,-2,changed_periodic,,44,1,6
sl4x4_012,SW,3,-1,unresolved_by_horizon,,,,95
sl4x4_012,SW,3,0,changed_periodic,,71,1,0
sl4x4_012,SW,3,1,changed_periodic,,57,1,4
sl4x4_012,SW,3,2,changed_periodic,,231,2,55
sl4x4_012,SW,3,3,unresolved_by_horizon,,,,54
sl4x4_012,NW,0,-6,unresolved_by_horizon,,,,59
sl4x4_012,NW,0,-5,changed_periodic,,218,2,55
sl4x4_012,NW,0,-4,changed_periodic,,44,1,4
sl4x4_012,NW,0,-3,changed_periodic,,58,1,0
sl4x4_012,NW,0,-2,unresolved_by_horizon,,,,93
sl4x4_012,NW,0,-1,changed_periodic,,31,1,6
sl4x4_012,NW,0,0,changed_periodic,,29,1,6
sl4x4_012,NW,0,1,unresolved_by_horizon,,,,91
sl4x4_012,NW,0,2,changed_periodic,,48,1,0
sl4x4_012,NW,0,3,changed_periodic,,30,1,4
sl4x4_012,NW,0,4,changed_periodic,,200,2,55
sl4x4_012,NW,0,5,unresolved_by_horizon,,,,51
sl4x4_012,NW,1,-6,unresolved_by_horizon,,,,62
sl4x4_012,NW,1,-5,changed_periodic,,217,2,55
sl4x4_012,NW,1,-4,changed_periodic,,43,1,4
sl4x4_012,NW,1,-3,changed_periodic,,57,1,0
sl4x4_012,NW,1,-2,unresolved_by_horizon,,,,89
sl4x4_012,NW,1,-1,changed_periodic,,30,1,6
sl4x4_012,NW,1,0,changed_periodic,,28,1,6
sl4x4_012,NW,1,1,unresolved_by_horizon,,,,96
sl4x4_012,NW,1,2,changed_periodic,,47,1,0
sl4x4_012,NW,1,3,changed_periodic,,29,1,4
sl4x4_012,NW,1,4,changed_periodic,,199,2,55
sl4x4_012,NW,1,5,unresolved_by_horizon,,,,50
sl4x4_012,NW,2,-6,unresolved_by_horizon,,,,69
sl4x4_012,NW,2,-5,changed_periodic,,216,2,55
sl4x4_012,NW,2,-4,changed_periodic,,42,1,4
sl4x4_012,NW,2,-3,changed_periodic,,56,1,0
sl4x4_012,NW,2,-2,unresolved_by_horizon,,,,100
sl4x4_012,NW,2,-1,changed_periodic,,29,1,6
sl4x4_012,NW,2,0,changed_periodic,,27,1,6
sl4x4_012,NW,2,1,unresolved_by_horizon,,,,94
sl4x4_012,NW,2,2,changed_periodic,,46,1,0
sl4x4_012,NW,2,3,changed_periodic,,28,1,4
sl4x4_012,NW,2,4,changed_periodic,,198,2,55
sl4x4_012,NW,2,5,unresolved_by_horizon,,,,41
sl4x4_012,NW,3,-6,unresolved_by_horizon,,,,54
sl4x4_012,NW,3,-5,changed_periodic,,231,2,55
sl4x4_012,NW,3,-4,changed_periodic,,57,1,4
sl4x4_012,NW,3,-3,changed_periodic,,71,1,0
sl4x4_012,NW,3,-2,unresolved_by_horizon,,,,95
sl4x4_012,NW,3,-1,changed_periodic,,44,1,6
sl4x4_012,NW,3,0,changed_periodic,,42,1,6
sl4x4_012,NW,3,1,unresolved_by_horizon,,,,88
sl4x4_012,NW,3,2,changed_periodic,,61,1,0
sl4x4_012,NW,3,3,changed_periodic,,43,1,4
sl4x4_012,NW,3,4,changed_periodic,,213,2,55
sl4x4_012,NW,3,5,unresolved_by_horizon,,,,73
sl4x4_012,NE,0,-2,unresolved_by_horizon,,,,78
sl4x4_012,NE,0,-1,changed_periodic,,212,2,55
sl4x4_012,NE,0,0,changed_periodic,,42,1,4
sl4x4_012,NE,0,1,changed_periodic,,60,1,0
sl4x4_012,NE,0,2,unresolved_by_horizon,,,,92
sl4x4_012,NE,0,3,changed_periodic,,41,1,6
sl4x4_012,NE,0,4,changed_periodic,,43,1,6
sl4x4_012,NE,0,5,unresolved_by_horizon,,,,91
sl4x4_012,NE,0,6,changed_periodic,,70,1,0
sl4x4_012,NE,0,7,changed_periodic,,56,1,4
sl4x4_012,NE,0,8,changed_periodic,,230,2,55
sl4x4_012,NE,0,9,unresolved_by_horizon,,,,49
sl4x4_012,NE,1,-2,unresolved_by_horizon,,,,76
sl4x4_012,NE,1,-1,changed_periodic,,211,2,55
sl4x4_012,NE,1,0,changed_periodic,,41,1,4
sl4x4_012,NE,1,1,changed_periodic,,59,1,0
sl4x4_012,NE,1,2,unresolved_by_horizon,,,,95
sl4x4_012,NE,1,3,changed_periodic,,40,1,6
sl4x4_012,NE,1,4,changed_periodic,,42,1,6
sl4x4_012,NE,1,5,unresolved_by_horizon,,,,97
sl4x4_012,NE,1,6,changed_periodic,,69,1,0
sl4x4_012,NE,1,7,changed_periodic,,55,1,4
sl4x4_012,NE,1,8,changed_periodic,,229,2,55
sl4x4_012,NE,1,9,unresolved_by_horizon,,,,55
sl4x4_012,NE,2,-2,unresolved_by_horizon,,,,82
sl4x4_012,NE,2,-1,changed_periodic,,210,2,55
sl4x4_012,NE,2,0,changed_periodic,,40,1,4
sl4x4_012,NE,2,1,changed_periodic,,58,1,0
sl4x4_012,NE,2,2,unresolved_by_horizon,,,,100
sl4x4_012,NE,2,3,changed_periodic,,39,1,6
sl4x4_012,NE,2,4,changed_periodic,,41,1,6
sl4x4_012,NE,2,5,unresolved_by_horizon,,,,92
sl4x4_012,NE,2,6,changed_periodic,,68,1,0
sl4x4_012,NE,2,7,changed_periodic,,54,1,4
sl4x4_012,NE,2,8,changed_periodic,,228,2,55
sl4x4_012,NE,2,9,unresolved_by_horizon,,,,49
sl4x4_012,NE,3,-2,unresolved_by_horizon,,,,65
sl4x4_012,NE,3,-1,changed_periodic,,209,2,55
sl4x4_012,NE,3,0,changed_periodic,,39,1,4
sl4x4_012,NE,3,1,changed_periodic,,57,1,0
sl4x4_012,NE,3,2,unresolved_by_horizon,,,,105
sl4x4_012,NE,3,3,changed_periodic,,38,1,6
sl4x4_012,NE,3,4,changed_periodic,,40,1,6
sl4x4_012,NE,3,5,unresolved_by_horizon,,,,97
sl4x4_012,NE,3,6,changed_periodic,,67,1,0
sl4x4_012,NE,3,7,changed_periodic,,53,1,4
sl4x4_012,NE,3,8,changed_periodic,,227,2,55
sl4x4_012,NE,3,9,unresolved_by_horizon,,,,53
